cell_line_id,top_10_drug_ids
683665,"1248,283,1004,135,268,346,1057,1011,208,20"
684055,"1494,268,1248,180,346,208,1057,136,194,13"
684057,"283,1007,1003,268,1004,346,1248,1057,208,20"
684059,"1494,1007,1003,104,1248,346,268,283,1031,100"
684062,"1007,283,1003,268,1031,1004,346,200,194,18"
684072,"1248,1494,1003,135,180,1008,11,268,194,34"
684681,"1004,1261,346,268,1378,1069,111,24"
687448,"140,104,268,1372,29,1373,159,9,302,15"
687562,"104,1007,1003,140,1248,1494,268,180,1004,1"
687568,"201,1248,268,1494,135,1031,194,346,83,8"
687590,"1494,1248,194,1377,24"
687600,"1248,86,1050,89,11"
687799,"201,180,140,11,1004,283,87,346,268,6"
687804,"201,140,1248,180,200,194,328,182,170,13"
687807,26
687814,"200,60,83,157,41,1239,11"
687983,"268,1248,346,60,1149,1166,299,302,331,137"
687984,"200,194,272,274,175,24"
687997,"1248,200,272,274,1012,235,45,24"
688001,"1494,1003,1248,268,1004,200,1372,194,1006,105"
688006,"1003,1248,268,346,87,200,60,235,273,27"
688007,"1003,268,87,1011,200,60,272,274,88,25"
688010,"87,60,11,194,200,53,170,88,41,101"
688013,"1003,1494,1248,136,200,133,1011,1259,1005,8"
688014,"1248,268,200,45,116"
688015,"226,268,208,346,200,273,235,272,274,30"
688018,"1003,268,1248,226,346,273,208,274,272,22"
688021,"268,273,272,27"
688023,"1248,268,1004,346,283,87,11,208,60,116"
688025,"1003,1494,268,140,1004,1248,1008,346,87,20"
688026,"140,180,283,268,326,11,194,200,208,34"
688027,"1248,140,208,11,200,60,9,225,86,8"
688031,"1004,268,87,1008,60,200,83,86,41,101"
688086,"1494,87,200,184,185,293,1142,1012,1239,4"
688121,"1007,104,3,11,268,140,1003,1004,135,103"
713878,"268,1248,1004,1057,208,346,60,87,1059,20"
724859,"268,140,1372,180,135,11,200,87,29,6"
724863,"268,328,182,202,24"
724866,"3,104,201,135,140,180,11,83,87,19"
724872,"87,293,274,1239,41,45,1262,1047,1039,24"
735784,"104,1007,135,1494,1004,11,87,60,1166,8"
749711,"1007,1004,140,268,208,11,226,87,346,25"
749713,"1494,268,140,346,200,87,208,53,60,8"
749715,"201,180,1248,200,252,268,194,133,302,116"
749716,"268,200,119,252,255,1377,86,170,331,17"
753531,"201,104,1007,140,135,11,1004,1494,1003,18"
753532,"104,1007,1494,1372,194,1192,1248,127,1026,5"
753546,"104,180,1060,1372,197,1498,194,9,268,20"
753547,"1248,1004,268,180,1008,346,200,87,60,13"
753548,"1494,51,1003,1004,140,155,56,180,55,26"
753549,"104,197,1031,180,9,182,157,173,94,10"
753551,"268,24"
753552,"104,140,180,268,328,9,200,194,1026,8"
753555,"1007,1248,1004,1057,1372,1166,1529,1377,1239,116"
753558,"201,104,1494,135,1031,83,11,200,1057,5"
753563,"1494,1248,1003,1008,133,194,136,1529,182,123"
753564,"1004,1248,1007,268,226,11,346,200,208,27"
753565,"1248,1003,180,135,208,53,194,87,200,30"
753577,"135,180,268,51,53,200,194,133,136,8"
753578,"135,104,1003,1494,1004,1372,194,200,1006,13"
753579,"104,1372,268,180,29,1060,9,56,194,20"
753581,"104,268,346,53,182,200,83,9,272,4"
753582,"1248,180,140,135,11,200,87,60,208,3"
753583,"104,180,140,1004,184,346,53,60,83,"
753584,"104,1007,180,11,268,135,194,53,51,6"
753585,"1494,83,51,194,136,53,133,56,200,5"
753588,"1003,268,346,1248,194,328,200,87,60,13"
753589,"268,1248,200,272,274,235,88,310,1262,24"
753592,"104,180,201,1007,11,268,140,1004,135,8"
753594,"1248,268,87,200,346,1008,208,60,328,19"
753595,"201,1007,11,180,268,1372,283,140,1494,8"
753596,"104,1372,140,346,11,1060,268,200,83,19"
753597,
753605,"268,11,87,200,60,272,53,273,274,8"
753612,"104,283,1248,200,346,194,1011,83,328,29"
753614,"201,11,135,1248,3,140,180,194,87,5"
753616,"1248,87,1149,200,268,60,184,1218,1242,29"
753618,"1248,104,1494,1007,1003,1057,208,268,1022,20"
753620,"1494,1006,136,1054,300,1239,172,245,291,11"
753621,"104,1007,11,180,194,200,87,60,133,8"
753622,"104,201,11,180,140,1494,1248,87,208,19"
753623,"201,1007,104,1248,11,180,194,1003,1004,20"
905938,"268,283,1004,1060,11,1248,135,346,194,20"
905940,"1248,51,268,1004,1013,11,56,208,261,19"
905941,"268,180,194,346,200,328,182,272,274,4"
905942,"268,1004,1248,1026,83,1378,1529,1239,45,124"
905952,"1003,104,1494,1016,1004,1248,140,1031,1008,28"
905955,"1372,180,1004,140,1060,1261,1024,1166,1498,18"
905958,"104,1494,1003,1248,1004,140,11,268,1016,8"
905965,"1004,1003,1494,268,140,283,35,135,11,100"
905967,"1248,268,28"
905970,"268,119,1,19"
905971,"104,201,180,1494,140,135,1004,268,133,19"
905972,"104,201,180,1494,140,1007,268,194,11,124"
905974,"1494,1372,180,268,200,135,1248,1057,1026,19"
905977,"104,268,1372,1060,346,1373,200,29,194,124"
905978,"104,268,1004,140,194,11,53,51,1372,34"
905980,"104,194,51,135,200,83,53,182,86,"
905982,"11,135,53,194,51,83,268,1149,200,8"
905984,"1007,3,1248,1004,35,135,180,194,1026,20"
905986,"1003,1007,1494,180,1031,1248,135,1004,11,26"
905989,"104,140,11,1004,180,87,60,194,268,102"
905990,"104,268,201,140,180,1031,11,194,83,8"
906746,"1004,1007,1494,140,11,194,208,87,1057,5"
906763,"1248,346,1004,155,3,87,268,1003,1016,14"
906765,"283,1494,268,1248,135,200,194,346,87,32"
906794,"104,140,180,1494,268,197,11,170,194,13"
906800,"283,1248,180,201,11,1494,226,1003,1004,14"
906803,"104,201,140,1248,135,11,1372,180,29,19"
906808,"1248,200,88,274,175,1012,257,245,19"
906812,"268,346,194,344,245,111,29"
906813,"1494,1007,1248,1003,180,1004,140,1259,208,13"
906831,"3,104,346,180,268,1248,194,11,200,8"
906834,"1248,1003,180,200,1059,136,1009,1012,1038,104"
906836,"1004,1494,140,135,268,35,346,11,180,8"
906838,"1004,1016,268,1008,1057,346,87,1166,1059,21"
906841,"1007,1494,1003,11,194,135,87,60,328,18"
906842,"1003,1004,83,140,11,180,56,133,51,100"
906844,"1248,1372,1060,180,135,133,194,197,1373,20"
906846,"283,135,1494,1003,268,140,1248,346,208,18"
906847,"1248,346,83,299,53,302,252,182,219,33"
906849,"140,1,119,157,7"
906850,24
906854,"194,200,1527,1059,157,1012,45,1199,17"
906855,"104,1248,155,268,1494,51,1004,1013,1003,34"
906856,"155,1248,51,1004,1021,1022,1003,346,1029,101"
906861,"3,1007,201,11,268,180,140,1004,1057,13"
906862,"1007,83,268,1057,1026,1166,200,1053,273,27"
906869,"283,83,194,200,268,170,157,272,184,29"
906870,"283,104,1248,51,1494,194,87,277,328,31"
906871,"1007,104,1494,1261,180,268,11,1003,140,100"
906872,"104,1248,268,1494,140,1004,180,208,1372,34"
906875,"1494,1248,1003,1004,268,1022,1259,1378,1529,27"
906877,"1248,1003,268,1494,346,283,135,140,1004,18"
907041,"201,1494,1007,140,1004,1248,1003,11,268,20"
907043,"104,1494,1248,1003,180,135,11,1004,1008,20"
907044,"1248,1494,268,346,140,11,135,87,83,20"
907050,"1007,1003,1248,268,1494,1004,1031,83,11,34"
907053,"1248,135,200,87,194,83,346,328,272,5"
907056,"1248,268,346,283,140,1004,200,208,194,32"
907063,"1248,268,180,208,346,200,53,83,273,27"
907067,"104,140,180,194,1372,135,133,11,1060,20"
907073,"1003,1031,201,104,135,1007,1494,11,140,105"
907170,"1248,1494,11,140,208,226,268,87,136,13"
907172,"104,135,180,268,1494,1026,1004,194,346,18"
907173,"56,62,45,1219,1164,1069,63,1158,17,24"
907268,"268,180,1248,208,1008,135,11,194,53,20"
907269,"1248,1494,1003,1004,1008,346,1527,1218,1059,105"
907270,"1004,1003,1494,1007,1248,268,1008,346,200,102"
907271,"104,268,11,3,140,180,194,87,133,6"
907273,"1004,1003,268,1008,1248,53,1057,1022,35,20"
907274,"268,1248,283,200,346,194,53,302,83,32"
907275,"283,1022,312,155,1248,254,277,1372,1021,22"
907277,"1494,1248,1003,1004,135,140,226,87,208,26"
907278,"1248,346,200,194,299,328,272,1049,302,27"
907279,"104,1007,268,1004,180,11,194,83,346,32"
907280,"1248,1372,1060,283,268,1008,1014,194,200,32"
907282,"104,180,268,140,11,87,346,9,60,8"
907311,"104,346,283,3,180,268,273,1372,135,124"
907313,"104,3,201,140,1007,268,11,180,133,19"
907314,"1248,268,272,1161,1164,1241,1194,269,1042,24"
907322,"1248,194,1008,200,83,175,1012,45,41,17"
907323,"104,1494,1248,1003,1004,135,1008,200,1024,5"
907391,"1004,1248,1003,140,1494,268,1008,1031,208,101"
907783,"155,51,1013,56,261,260,1008,295,1060,15"
907785,"180,200,83,86,1,41,245,11"
907786,"201,3,135,11,1494,140,268,180,87,6"
907787,"1248,346,268,283,1494,140,200,208,252,8"
907788,"268,200,194,326,272,274,223,273,299,30"
907789,"104,1248,226,1011,11,87,140,1004,208,20"
907791,"283,1248,268,180,346,208,200,87,53,8"
907792,"201,268,180,133,11,194,1166,200,83,5"
907794,"140,11,268,87,1248,60,1372,194,200,8"
907795,"1060,1372,194,346,328,1006,1014,262,45,17"
907799,"3,1248,11,180,283,1004,140,268,208,34"
908126,"155,51,201,1248,56,1013,135,180,261,26"
908135,"1003,208,272,300,127,273,274,1054,136,8"
908136,"1248,1004,346,140,268,1008,11,208,1057,8"
908141,"1248,104,283,346,1494,140,268,87,1004,1"
908142,"346,283,268,1016,1004,200,208,87,328,102"
908143,"1248,268,283,346,200,302,272,1166,273,18"
908148,"1248,180,346,1003,1022,268,254,1494,283,100"
908149,"1003,1004,268,1031,328,194,272,302,1054,105"
908150,"1031,180,1057,51,272,56,83,274,276,10"
908151,"3,201,11,140,83,194,268,87,135,124"
908159,"104,1248,1003,283,1494,11,268,1004,346,8"
908440,"1003,1031,283,180,140,1016,1004,135,194,20"
908444,"135,1248,194,346,328,268,133,182,200,13"
908445,"1003,11,1057,1026,37,6,1166,1059,136,105"
908446,"11,87,60,53,56,62,45,1161,1091,4"
908447,"201,1494,283,1003,194,272,200,133,328,13"
908448,"135,1004,1494,283,1022,1003,268,140,346,124"
908449,"1007,201,268,1494,1004,135,194,83,53,13"
908450,"268,83,53,194,86,163,235,331,45,124"
908451,"1004,1003,1060,283,135,268,11,208,1057,32"
908452,"104,268,11,53,83,87,60,194,9,116"
908454,"104,1494,1003,180,201,3,1007,140,1248,1"
908457,"104,268,1372,283,194,11,83,200,252,5"
908458,"1248,1004,1372,346,328,1015,1218,1527,1091,102"
908471,"268,1004,346,1248,87,60,272,299,274,123"
908480,"1003,268,1248,226,200,23"
908481,"268,194,200,328,273,272,299,274,310,29"
908483,"1248,226,1004,11,208,87,1008,60,32,29"
909194,"268,200,252,272,136,88,299,273,219,8"
909248,"104,1372,1248,1003,1494,140,1004,180,1060,1"
909249,"3,140,180,208,83,346,268,200,194,32"
909250,"104,201,268,83,135,1057,51,200,194,5"
909252,"1248,283,1494,226,180,268,197,346,140,13"
909253,"180,1248,268,1192,1218,272,1050,1012,1239,121"
909256,"3,104,1494,201,140,180,11,283,346,8"
909260,"1248,1003,268,208,226,87,200,346,11,6"
909262,"1494,1248,268,1008,346,53,200,273,272,8"
909696,"1248,1494,1003,283,268,1004,133,140,226,18"
909697,"268,140,135,1248,11,346,200,194,208,13"
909698,"201,104,140,1007,135,11,1494,1003,268,18"
909701,"201,135,283,268,1494,200,140,194,11,20"
909703,"283,1248,346,226,1494,180,268,135,140,20"
909711,"268,1248,83,4"
909712,"104,1031,1248,1494,135,194,1057,83,53,20"
909713,"104,1372,3,180,11,182,1060,1373,1242,2"
909715,"201,283,135,197,140,346,180,11,194,27"
909717,"1007,1248,194,11,87,208,1057,53,83,6"
909720,"1007,201,104,140,1494,1003,3,135,180,26"
909722,"1248,1372,1060,1498,1057,1014,1526,1011,1242,116"
909723,"1248,1060,1372,1373,1014,1015,1036,245,29"
909730,"1248,1494,1003,268,1004,1008,200,87,135,6"
909731,"1248,135,201,1003,1494,268,1004,1261,11,18"
909742,"268,135,281,35,346,328,53,302,252,29"
909743,"1494,1248,268,140,135,200,346,194,208,32"
909754,"104,1026,56,151,1025,19"
909756,"3,201,104,135,1494,140,180,1372,83,13"
909758,"201,268,11,1016,180,194,1057,135,53,8"
909769,"3,268,180,11,1057,53,87,1026,60,8"
909771,"1248,268,282,328,194,200,182,273,272,152"
909773,"1248,201,1004,346,283,1008,140,180,268,105"
909777,"1248,1004,346,1008,268,1057,194,328,182,25"
909785,"1248,1494,1004,1003,1016,180,1008,1057,268,19"
909974,"163,200,56,154,19"
909975,"180,140,268,11,87,60,83,194,200,5"
909976,"1248,180,87,208,60,194,200,136,9,121"
910401,"1016,104,1004,3,1248,180,268,140,1057,103"
910544,"1004,1003,1248,346,268,1016,1031,1008,1057,32"
910545,"135,104,201,283,1003,1004,140,1248,268,149"
910546,"201,1007,104,135,11,1004,180,1372,1003,103"
910554,"1069,110,19"
910566,"201,1248,283,135,194,200,346,83,87,32"
910567,"1003,1248,200,1011,268,194,133,136,86,30"
910568,"1007,140,180,1248,1004,155,1003,1016,135,102"
910569,"1248,1008,87,346,194,53,200,328,83,18"
910687,"1004,1007,1494,140,1011,1003,268,135,1248,1"
910688,"104,1248,283,1494,140,87,11,268,60,20"
910691,"283,268,1004,1248,1008,302,1057,194,200,8"
910692,"135,200,136,194,328,190,184,182,235,15"
910697,"104,201,268,140,135,180,11,87,194,6"
910700,"1007,1003,180,194,200,1006,1062,9,299,101"
910703,"1248,268,283,346,180,200,208,273,272,27"
910706,"104,1004,201,283,1494,1003,1007,180,140,1"
910707,"1248,283,346,140,226,268,51,11,83,8"
910710,"1004,1003,1494,1248,1007,51,268,1013,226,14"
910861,"1004,268,346,1057,328,260,302,273,299,27"
910905,"1372,1060,1166,1014,1498,1526,184,1015,157,152"
910906,"201,180,346,140,1248,226,200,268,11,8"
910910,26
910911,"268,180,1372,194,182,1377,1527,157,1239,121"
910918,"180,346,11,194,208,268,328,200,53,8"
910919,"268,1494,1248,208,135,194,200,346,328,29"
910921,"104,201,1003,180,135,268,1372,1004,11,8"
910930,"35,268,11,208,346,135,53,87,281,8"
910933,"1003,268,1248,135,194,328,182,302,300,13"
910934,"180,104,201,1004,1248,140,11,135,184,20"
910935,"1494,1248,3,180,1003,135,1004,1372,200,5"
910942,"1007,1248,1004,268,180,135,200,194,133,102"
910943,"268,9,153,1192,16"
910944,"201,1004,1003,283,140,1011,1248,135,87,103"
910947,"1060,1372,1248,1003,1494,135,346,11,194,18"
910948,"268,1248,346,1049,1059,1053,1161,1239,1243,116"
917486,"201,200,194,87,184,136,328,185,1526,27"
924110,"1248,1004,268,208,200,194,1011,219,182,4"
924186,"201,135,180,1494,1007,268,283,140,133,19"
924188,"268,1004,1057,346,83,182,9,45,344,124"
924238,"1007,1016,1372,1003,1494,1004,1031,194,1373,124"
924239,"1016,346,180,268,283,83,1004,11,1057,124"
924242,"200,136,133,176,19"
924246,4
924247,"201,1007,1494,11,283,140,268,208,1004,19"
924248,"346,194,53,328,170,252,219,157,331,6"
925339,"104,1372,1373,83,194,1242,1498,1526,200,2"
925342,"1248,1003,1494,180,1004,268,11,346,140,28"
925343,"201,104,1494,1007,11,1003,268,135,1016,18"
925345,"3,283,180,1031,268,11,194,51,200,8"
930082,"3,1007,1248,11,268,1372,140,83,87,6"
946355,"3,180,11,87,60,200,86,41,11"
946356,"180,194,11,51,87,83,60,53,200,13"
946358,"283,346,1016,1248,268,194,200,1057,328,30"
946359,"283,194,1026,200,268,282,1166,170,182,30"
946363,"180,87,200,208,135,226,60,328,276,29"
946367,"283,104,1007,1004,302,9,268,328,262,29"
946368,"1248,104,1007,1004,180,268,1372,1057,1026,116"
946369,"104,1007,1004,51,208,1026,346,56,53,15"
946370,"346,268,9,1529,10"
946373,"1494,268,173,1047,123"
949088,"268,1003,1248,1004,346,1008,328,200,1057,19"
949153,"283,1248,1003,1494,1008,135,223,302,1057,18"
949154,"268,194,200,83,328,8"
949155,"104,1494,1007,1003,1031,201,140,1004,1248,22"
949156,"3,201,135,1494,180,1003,1007,11,1248,103"
949157,"104,1248,180,135,194,53,87,83,268,"
949161,"1494,1248,1003,346,268,1011,1259,252,136,32"
949162,
949163,"1494,283,201,1003,3,140,346,135,268,18"
949164,"283,346,268,140,1248,1004,226,180,208,105"
949165,"1003,201,135,180,1007,1494,1248,1031,268,14"
949166,"135,201,1248,346,180,140,200,133,194,26"
949168,"1248,268,1166,282,182,1,38,288,1161,5"
949170,"62,235,9,185,45,63,24"
949171,"1248,1494,1003,1004,1259,136,1006,127,1529,18"
949172,"140,268,273,346,274,200,272,276,164,149"
949173,"268,180,83,200,272,302,170,276,41,16"
949174,"180,268,299,1261,200,293,157,272,346,19"
949175,"1003,60,300,86,83,170,9,331,302,25"
949176,"1248,1494,1003,1261,1372,1057,87,194,83,152"
949177,"201,104,1007,1248,1494,1004,11,140,180,26"
949178,"1007,1003,1494,1031,180,1004,346,1024,170,20"
971773,"1007,201,1494,1003,1248,1004,268,135,180,22"
971777,"104,1016,1003,180,283,268,1060,1004,194,124"
1240128,"1372,1031,268,1060,1057,1373,328,272,1006,149"
1240173,"1007,1016,1372,1494,1248,1004,1166,1242,194,152"
1240181,"1248,180,200,184,194,53,328,182,185,16"
1240182,"200,274,24"
1240183,"268,194,182,45,229,11"
1240189,"1248,268,140,346,1004,11,180,200,87,13"
1240193,"201,180,140,346,283,268,226,208,11,8"
1240221,"1494,346,1248,268,208,328,226,1259,1166,27"
1247871,"104,1003,201,155,3,140,268,283,135,20"
1290455,"1248,346,1372,140,135,1004,268,11,208,106"
1290769,"1372,1060,1261,1498,1526,1242,1015,1012,1038,116"
1295740,"155,104,1494,1003,1248,201,1004,51,140,18"
1295741,"104,1248,1004,268,180,140,11,346,87,20"
1297439,"268,331,300,235,245,19"
1297446,"104,1248,1494,346,180,200,194,328,208,8"
1297447,"346,180,1004,268,1248,200,194,53,328,25"
1297449,"104,283,180,140,1016,268,346,135,51,1"
1298352,"268,180,194,328,200,272,262,274,235,30"
1299075,"1007,283,268,11,200,184,346,273,60,27"
1303896,"3,104,140,1248,51,1016,11,155,83,105"
1303897,"1003,1248,1494,268,1057,135,208,87,1023,116"
1303901,"268,180,346,200,272,273,274,88,301,33"
1322218,"135,1494,140,268,283,208,194,11,133,20"
1322224,"1248,1004,1261,208,1049,87,1024,1026,60,5"
1323913,"1248,201,1004,140,1494,1003,346,135,87,137"
1327766,"104,1004,1248,180,268,140,346,11,87,20"
1327768,"1494,104,1248,1003,135,268,87,1023,200,22"
1327769,"1003,135,1494,268,140,11,346,1004,200,8"
1327771,"155,1248,1013,1004,1003,261,159,260,1060,13"
1327774,"1003,104,283,135,1494,201,1248,140,3,100"
1330931,"104,1248,155,201,51,346,11,268,1261,20"
1330933,"1248,1003,1494,346,1004,268,180,3,11,101"
1330935,"1003,1248,1057,268,200,1024,328,83,272,105"
1330942,"200,1011,272,274,224,175,1012,45,275,26"
1330943,"104,283,1248,268,346,1016,1057,87,302,32"
1330947,"104,254,1248,277,346,283,1022,1494,268,100"
1330950,"104,3,283,346,1248,208,268,135,180,149"
1330960,"3,104,51,155,268,1003,87,83,11,34"
1330965,"268,272,225,9"
1330972,"1003,1494,1248,268,87,1057,60,135,1166,125"
1330974,"268,180,200,53,83,182,235,272,86,"
1330981,"104,135,180,200,194,206,53,223,182,13"
1330982,"283,1003,1248,135,1004,346,197,140,268,149"
1330983,"1248,283,1003,1494,1004,346,200,135,194,1"
1330984,"1003,201,1248,283,140,11,135,226,268,34"
1330985,"104,1248,283,206,200,346,135,268,87,19"
1330987,"104,1494,201,1248,1003,1004,140,135,268,19"
1330988,"3,268,283,346,11,83,208,51,328,5"
1330991,"283,346,1248,1004,11,87,60,208,194,30"
1330995,"1248,1262,24"
1331025,"1248,268,200,272,274,299,1012,275,106,24"
1331031,"1248,346,268,208,180,200,194,328,1008,27"
1331032,"346,268,1494,135,180,194,200,11,328,20"
1331034,"283,104,180,201,140,3,1248,1004,268,5"
1331035,"3,104,180,268,11,83,1261,208,194,5"
1331037,"283,104,3,1004,140,11,1016,180,268,5"
1331038,"104,197,268,180,283,135,87,60,200,1"
1331039,"104,1003,1494,1004,283,1248,268,1011,200,5"
1331040,"1004,1003,1494,283,1008,11,140,268,281,18"
1331043,"180,11,200,53,83,9,182,163,157,17"
1331044,"135,268,133,200,136,302,272,299,223,27"
1331045,"1003,1494,283,135,1261,208,200,302,182,29"
1331046,"104,283,268,197,346,135,200,208,273,8"
1331048,"104,1248,268,346,208,1057,328,273,272,20"
1331049,"1248,135,1494,346,268,194,11,180,283,14"
1331050,"1230,1004,1016,1008,1236,1057,268,1166,136,105"
1333014,"11,200,268,60,87,133,53,32,88,8"
1333015,"346,11,200,87,208,60,226,133,272,3"
688087,"235,1091,1243,123"
713885,"268,1004,1248,1261,1166,299,302,252,83,8"
724831,"201,180,135,194,197,268,133,200,182,15"
753536,"1494,268,53,136,1218,190,1243,1219,192,16"
753559,"1494,201,135,11,180,140,87,1248,194,13"
753599,"87,268,60,200,86,1264,1164,11"
753611,"180,268,1248,200,208,60,272,274,41,26"
905948,"1007,1004,1166,170,56,156,153,157,1066,9"
905964,"3,1004,1007,268,180,11,1016,1248,83,13"
906832,"1004,268,1248,1003,180,1494,1016,346,200,105"
907175,"268,11,87,1248,208,60,1149,53,219,8"
907272,"1004,140,87,268,200,180,226,208,197,1"
907281,"346,1004,180,268,283,11,140,87,200,6"
907284,"346,87,200,208,268,53,60,32,226,27"
907290,"1372,1060,180,1261,268,346,328,1049,86,106"
907300,"1004,268,180,87,1011,60,346,194,53,32"
908119,
908152,"1494,1259,1192,1378,1047,115"
908156,"1003,254,1007,1494,1248,135,201,346,1004,102"
908158,"283,180,135,1004,1003,346,268,140,226,19"
908464,"268,200,273,272,274,276,45,291,24"
908467,"1248,1003,1494,1031,268,272,235,41,1038,123"
908469,"1248,268,11,208,60,38,1161,41,291,126"
908473,"1372,268,1498,1527,1526,1015,1091,106,1219,24"
909702,"1494,1003,283,87,208,180,268,1008,140,100"
909740,"268,140,87,60,180,194,11,200,208,32"
909762,"268,180,87,60,86,272,45,41,229,24"
910695,"180,3,11,87,200,51,60,163,62,8"
910780,"1003,180,87,208,1008,268,200,194,272,18"
910920,"56,51,83,200,182,86,157,45,166,3"
910932,"1372,182,83,194,268,200,9,45,173,123"
910937,"1494,1003,1248,11,136,208,200,133,299,30"
924106,"268,133,194,200,86,136,328,83,273,27"
924187,"268,53,200,86,163,45,229,26"
924189,"64,6"
924244,"104,201,268,1007,180,140,1031,194,200,1"
946353,"104,1007,140,201,11,1248,1004,87,60,19"
946357,"1494,1003,1248,1004,1008,1218,1050,1012,1219,123"
949158,"201,135,1003,1248,1031,1494,180,283,1007,34"
949167,"1494,1003,1248,1259,1166,1529,1239,1142,1091,116"
949179,"1031,1248,1004,35,11,87,133,200,60,5"
1240166,"3,135,1007,180,1004,268,1248,1031,1261,105"
1303900,"180,346,200,1011,1059,252,299,272,190,33"
1327775,"3,180,346,1248,140,87,11,268,184,19"
1327776,
1330986,
753533,"104,201,135,1494,1003,268,180,1016,194,124"
909732,"104,201,135,1494,140,1003,1248,11,1004,13"
909759,"1494,201,1003,1007,135,180,1004,140,133,1"
910779,"201,11,180,140,135,268,194,87,60,8"
946354,"1007,11,201,1004,180,140,197,87,184,5"
949092,"53,45,62,4"
906807,"1004,1003,1248,1016,1494,1008,1057,1059,1529,8"
908146,"1494,1248,1003,268,1372,1004,87,208,11,106"
688022,
924241,
683667,"1007,1031,268,1004,1016,1166,208,328,219,116"
684052,"1494,1248,268,180,140,208,135,194,200,125"
687452,"1007,201,1004,1494,1003,268,140,180,226,19"
687455,"180,268,190,328,272,1166,274,152,245,29"
687457,"1007,1004,1016,1057,1261,1026,1529,1062,1527,105"
687459,"268,200,1026,153,163,166,1243,1239,17"
687505,"1494,1003,1007,268,1248,140,135,1031,1004,18"
687506,"1007,1031,180,1248,194,1026,133,200,1149,13"
687514,"1494,1003,268,283,208,136,302,299,1529,105"
687561,"1007,268,1248,1494,1031,1057,194,1026,153,152"
687563,"180,1248,135,194,133,1529,157,1050,207,104"
687586,"1007,180,1248,1057,194,1026,153,157,1378,123"
687588,"1494,194,302,1133,1175,1243,106"
687592,"1007,201,1003,197,140,135,1004,180,194,20"
687596,"140,180,1248,268,194,1239,1243,172,106"
687777,"201,283,135,200,194,133,164,182,136,29"
687780,"201,1004,1248,268,180,140,194,135,200,13"
687787,"1007,268,1004,180,197,200,208,182,1529,105"
687794,"201,1007,140,268,180,1004,1060,135,200,19"
687798,"1003,1494,1261,268,1058,1377,1529,272,16"
687802,"268,194,200,273,272,1243,24"
687812,"283,268,180,194,1057,200,302,182,170,15"
687815,"180,135,136,1261,200,190,182,157,1377,17"
687816,"201,135,180,140,133,194,136,200,268,18"
687819,"180,201,140,268,135,194,133,200,136,18"
687820,"268,180,1372,194,1166,200,272,229,172,116"
687821,"180,194,135,268,200,182,1262,173,167,124"
687829,"268,346,1031,135,208,133,200,194,272,27"
687985,"1007,180,201,268,140,1248,1004,346,283,103"
687995,"1494,1003,1007,283,268,346,1004,1248,135,20"
688011,"272,1018,24"
688058,"194,268,163,170,1066,1069,17"
713880,"201,135,1007,140,180,1494,268,197,1004,124"
713899,"201,180,1248,1031,268,1004,140,135,1008,19"
717431,"1003,1248,1494,135,194,200,184,136,133,18"
722045,"201,140,268,180,197,194,1248,1057,133,34"
722046,"201,1261,135,1007,140,1004,180,1372,197,19"
722058,"1003,180,268,135,194,133,200,136,190,15"
722066,"1007,268,180,194,328,1239,1038,1243,151,17"
724812,"1494,180,268,194,1378,1529,190,1239,1243,121"
724828,"1060,1372,268,272,224,1498,274,1242,235,27"
724834,"268,1494,180,135,1372,194,208,133,346,20"
724838,"1248,180,1494,268,283,1004,135,1261,194,20"
724839,"1494,1007,268,1031,135,194,1022,182,1019,102"
724855,"135,180,194,200,1372,184,133,182,136,18"
724858,"268,180,194,293,133,200,272,204,182,30"
724868,"1007,1004,180,1248,1372,194,1026,1166,224,18"
724869,"1372,268,200,299,1091,1243,119"
724870,"201,1007,1494,1003,1004,1031,140,180,1026,106"
724873,"201,1007,180,1494,135,194,268,133,200,17"
724874,"1372,1526,1498,1527,1062,1264,106"
724878,"1003,1494,268,194,190,136,1166,170,15"
724879,"268,140,1261,229,1133,1239,24"
749709,"208,283,268,140,1166,235,219,157,331,22"
749710,"1248,346,200,268,328,182,173,17"
749712,"180,140,163,190,173,157,24"
749714,"180,1031,268,194,346,190,200,291,24"
749717,"268,140,180,194,200,135,133,328,190,16"
753534,"200,163,299,173,1129,1069,16"
753535,"201,180,1494,268,135,194,182,200,133,34"
753538,"1007,201,1494,1003,1031,1004,140,1248,268,13"
753540,"201,180,268,283,194,135,133,182,1248,20"
753541,"1007,201,1004,1003,1494,283,1031,140,135,101"
753545,"1372,268,1248,1060,180,346,1373,1026,194,101"
753553,"268,328,272,17"
753554,"1494,1003,1007,135,1372,140,1026,200,194,126"
753556,"201,1007,140,268,283,1372,135,208,346,19"
753561,"1007,268,1031,180,1026,182,136,1378,157,101"
753562,"201,1007,1494,140,268,180,135,194,133,18"
753566,"201,1494,180,135,136,194,133,182,170,15"
753570,"1248,268,194,200,163,272,1378,1239,158,113"
753572,"201,140,268,1494,208,180,135,194,133,152"
753573,"201,1007,180,194,182,135,200,133,282,32"
753574,"201,180,1007,1016,1004,140,194,268,1057,100"
753575,"180,268,194,170,22"
753576,"180,194,200,182,136,1199,1239,167,121"
753586,"201,140,1004,180,268,194,135,200,133,18"
753600,"1031,1053,1527,157,171,235,228,229,245,34"
753601,"200,13"
753604,"1007,1031,201,268,1003,1004,1372,1494,346,14"
753608,"1007,1004,140,180,268,1261,208,194,1026,32"
753610,"1003,1248,1494,201,283,346,268,140,200,103"
753624,"180,135,268,133,136,157,173,1072,1042,17"
905933,"180,140,1261,200,1166,170,156,157,1527,17"
905934,"268,1057,180,1248,200,299,302,1529,272,105"
905935,"201,268,135,140,1494,194,180,1248,136,20"
905936,"1248,1007,140,268,208,1494,180,1004,1372,34"
905937,"201,1031,1057,1008,1024,182,190,1059,170,20"
905939,"201,140,180,135,1372,268,1248,200,184,20"
905943,"201,1007,1003,1031,140,180,133,135,194,102"
905944,"201,140,135,200,194,346,268,133,208,27"
905945,"283,200,299,273,223,272,1059,1053,274,152"
905946,"201,180,1007,1494,135,194,140,133,182,13"
905947,"201,180,135,268,140,1494,194,197,133,20"
905950,"135,201,1494,194,268,133,200,1378,182,13"
905954,"1372,1060,268,1373,1242,1498,1014,1526,1166,17"
905957,"1004,1060,1057,1026,1149,1166,182,1054,1052,123"
905959,"180,268,194,1031,140,208,200,133,328,13"
905960,"180,268,135,200,190,158,1243,167,1170,121"
905961,"201,140,180,1248,1372,184,268,200,1060,13"
905962,"201,1494,180,1003,268,1248,140,194,1372,13"
905963,"136,1006,163,272,157,299,293,256,190,22"
905969,"180,1031,1007,1248,1372,268,1060,200,194,105"
905973,"180,268,200,1372,194,182,1527,173,1243,123"
905975,"1372,1007,197,180,268,1248,1373,1242,346,149"
905976,"1372,1494,1004,1373,268,1242,1149,1498,1526,116"
905979,"1494,1248,268,19"
905981,"1494,135,1248,200,194,1378,182,163,1066,152"
905983,"1494,1003,268,1248,180,140,1004,135,208,34"
905985,"201,180,1248,1261,135,194,268,1057,136,20"
905991,"201,1248,1031,1494,1003,268,1004,135,140,20"
906693,"201,268,140,1004,180,1372,135,200,346,19"
906696,"201,1372,1003,1031,1494,1060,182,1057,1373,124"
906790,"1031,1007,1003,135,140,1060,268,180,194,13"
906791,"1031,201,180,268,1003,1494,140,197,135,19"
906792,"1007,201,1494,1003,1004,180,140,194,135,20"
906793,"201,1003,1494,1372,1031,1007,135,1004,1016,106"
906795,"1004,140,180,194,135,200,1372,133,182,13"
906797,"1494,1003,1007,135,1031,180,268,1248,133,19"
906798,"201,1003,1494,1007,180,1004,194,1031,140,26"
906801,"268,208,156,235,124"
906804,"283,1248,1003,1004,180,1031,135,268,140,34"
906805,"180,268,282,194,346,163,273,328,1377,18"
906814,"1372,208,182,293,302,299,1526,173,1378,20"
906815,"180,268,1372,1060,194,346,182,1062,1054,123"
906817,"200,194,133,182,15"
906818,"201,140,1372,180,200,1060,135,133,268,19"
906820,"1060,1372,1003,1248,1004,180,135,1031,200,126"
906821,"201,135,1494,194,136,182,157,190,1239,124"
906823,"194,140,133,1026,302,136,256,150,1239,104"
906824,"1007,268,1003,1494,283,1004,135,208,194,34"
906825,"226,268,328,136,24"
906826,"268,1004,1248,346,194,1057,182,299,302,124"
906827,"1007,1003,1004,180,1057,268,163,182,1243,20"
906828,"1494,201,1007,1003,1248,1004,268,135,140,18"
906830,"1372,1494,1026,1060,1373,194,1242,1498,1006,32"
906833,"201,1494,1003,1007,135,1004,268,180,194,14"
906835,"1007,1494,140,1004,180,268,194,133,1373,104"
906837,"1007,201,1004,180,140,135,194,1026,200,13"
906839,"268,346,308,306,331,235,256,152,1047,112"
906843,"201,140,268,1003,135,200,133,182,163,13"
906848,"1248,1494,200,268,1218,1529,1049,163,157,101"
906851,"1007,1004,268,140,346,200,182,190,153,16"
906852,"1007,201,268,140,1031,1004,194,200,135,105"
906853,"1372,1057,268,200,1059,190,1050,102"
906863,"1494,1007,1003,1031,268,1026,1060,194,182,13"
906864,"1007,268,1057,200,293,166,190,123"
906865,"201,1060,1372,140,180,197,1031,200,135,26"
906868,"201,268,180,135,194,208,1057,200,328,102"
906873,"1007,1494,194,268,1026,1378,1243,1239,121"
906999,"1494,180,1248,194,1529,1192,1378,157,154,17"
907000,"1494,1003,201,180,1007,1004,268,135,140,124"
907042,"1003,201,1494,1016,1007,1248,180,135,197,100"
907045,"200,194,1166,1053,1012,1069,104"
907046,"180,140,194,200,182,1166,302,1529,163,105"
907047,"201,1494,140,135,180,268,1261,346,1248,152"
907048,"1007,346,194,200,252,219,1529,157,301,27"
907051,"1248,268,200,1026,194,182,1239,1161,1243,101"
907055,"201,1007,180,1248,140,1004,1494,1003,283,13"
907057,"201,1248,1494,135,180,268,194,133,346,20"
907058,"201,197,1372,140,180,194,135,268,133,18"
907059,"1007,1494,1003,1004,1057,1248,1372,194,182,102"
907060,"201,1007,1003,1494,180,135,1248,1031,140,19"
907061,"201,1494,1372,140,194,1248,135,268,182,20"
907062,"1007,1016,1003,268,1004,135,1031,1248,1032,101"
907064,"1007,1494,1003,201,1248,180,140,135,1004,103"
907065,"268,194,200,1166,163,170,182,157,176,116"
907066,"180,194,200,182,1243,17"
907068,"1007,1494,1003,268,136,1529,157,1259,1218,27"
907069,"268,180,140,1372,1031,194,135,200,133,18"
907071,"180,197,1057,194,163,1529,182,272,1059,15"
907072,"1003,1494,140,1057,1026,1166,163,1058,1527,105"
907169,"201,140,268,180,346,135,194,182,344,20"
907171,"1007,1372,268,180,1060,1024,1498,346,1014,152"
907176,"1248,180,1004,200,194,157,1378,173,1239,124"
907285,"268,1004,194,1060,1261,200,1161,1243,1219,29"
907286,"1494,268,1003,180,346,1060,135,1261,194,20"
907287,"197,101"
907289,"272,29"
907291,"346,1261,140,208,135,194,200,133,136,18"
907295,"293,173,1069,116"
907298,"1007,1031,135,180,140,1004,1016,268,1248,105"
907299,"1007,268,180,140,1031,1004,200,133,182,18"
907312,"1248,1372,1494,1031,268,1057,1166,200,1242,101"
907317,"201,140,180,268,135,194,133,1057,1026,20"
907318,"201,180,268,140,1248,194,135,208,346,20"
907319,"201,1248,140,1494,180,135,133,194,268,20"
907320,"201,1007,180,283,268,140,282,194,208,18"
907321,"201,135,1007,180,140,1248,1004,194,136,13"
907790,"201,180,1004,140,197,135,200,194,1024,13"
907796,"1494,1248,180,140,194,268,200,190,1378,152"
908118,"1494,1003,1007,140,1248,1004,208,135,1031,26"
908120,"282,1377,302,255,228,17"
908121,"1004,180,283,200,194,1026,328,190,272,16"
908122,"268,283,328,200,272,273,274,299,276,30"
908123,"1031,1494,180,140,268,197,208,135,226,34"
908125,"201,135,268,180,346,140,1372,194,1248,13"
908127,"180,140,135,194,1026,1166,153,136,170,119"
908128,"197,268,1372,1243,147,24"
908129,"1248,268,1166,1527,1161,299,1142,173,1243,119"
908130,"1007,1494,180,1004,1248,140,1016,1149,268,19"
908131,"201,1007,135,1248,140,180,194,1057,133,20"
908134,"1494,1003,201,1007,1248,1031,283,268,1004,14"
908138,"268,1057,133,194,200,182,170,134,1527,19"
908139,"201,140,180,1031,194,268,133,200,190,18"
908144,"1007,1003,1004,1031,140,194,268,200,346,32"
908145,"1007,1004,1003,197,1494,201,1248,1031,268,14"
908443,"180,140,283,208,346,268,135,194,200,30"
908455,"201,1494,268,180,140,1057,135,136,200,13"
908459,"194,268,182,302,157,24"
908460,"268,180,135,133,136,200,182,17"
908462,"1007,268,1239,124"
908463,26
908465,"268,180,140,135,208,194,133,346,328,20"
908470,"1261,200,157,124"
908472,
908474,"1004,1007,140,1031,180,1022,1021,135,268,102"
908475,"1261,153,1026,328,223,274,273,308,272,26"
908476,"268,1166,228,1243,1239,102"
909251,"1248,1003,1494,226,140,208,135,200,1008,26"
909255,"1007,201,1003,283,180,140,268,1004,135,20"
909263,"1372,1014,1062,101"
909264,"268,140,180,1372,1248,194,200,346,328,18"
909699,"268,1372,190,273,1242,1377,1498,299,302,152"
909700,"1003,1494,180,268,1248,135,194,133,182,34"
909704,"201,140,135,180,194,197,200,268,133,124"
909706,"140,1004,180,1060,194,1372,200,182,1014,106"
909707,"1007,184,194,163,182,185,190,1091,17"
909708,"1494,1003,1007,268,135,1248,346,182,1529,114"
909709,"268,1007,140,283,1004,208,346,1372,328,28"
909716,"1007,1248,268,1031,180,1022,346,200,194,100"
909718,"1494,1372,140,1060,180,268,190,1026,328,125"
909719,"201,1494,1248,180,140,194,135,133,1024,20"
909721,"135,180,268,194,133,136,1057,1026,182,18"
909724,"180,268,1372,182,346,194,200,1373,184,30"
909725,"1494,1372,194,346,328,1373,163,1242,1498,137"
909726,"201,1372,135,268,180,182,194,133,200,34"
909728,"180,201,135,268,140,194,1004,133,1026,20"
909735,"201,135,1007,1494,1248,140,180,1149,1004,19"
909736,"1007,180,268,1004,346,1060,184,200,1166,32"
909737,"201,268,180,140,194,200,133,302,328,18"
909738,"201,180,135,194,268,200,153,182,302,29"
909739,"268,274,310,229,245,29"
909744,"1494,1007,1003,140,1004,1031,180,194,200,19"
909745,"194,152"
909747,"1007,268,200,18"
909748,"1372,282,22"
909749,"201,1007,180,135,140,194,268,1031,1004,20"
909750,"201,135,194,180,136,200,182,156,157,19"
909751,"1007,180,1494,1003,140,1004,194,1026,328,26"
909753,"1372,135,1060,268,194,208,200,182,235,29"
909755,"180,197,200,268,194,272,273,136,274,17"
909757,"1494,200,272,150"
909761,"201,194,135,200,184,268,133,136,182,20"
909770,"1248,123"
909774,"1494,1016,1003,180,268,1004,1057,1372,1060,124"
909776,"1007,1248,194,200,272,274,1012,1378,1243,17"
909778,"194,1166,282,1377,331,1066,228,173,1243,112"
909779,"180,268,346,272,273,1192,274,163,157,29"
909780,"1494,1248,268,1149,135,194,1057,1026,1378,13"
909781,"201,135,1007,268,180,194,1057,200,133,13"
909784,"268,283,1004,208,1372,1026,328,302,1062,33"
909904,26
909977,"1007,153,207,245,19"
910079,"194,200,1026,1377,112"
910399,"1248,268,1031,180,1057,1026,1529,293,1378,105"
910548,"1494,283,194,200,268,136,182,1527,190,105"
910549,"194,200,182,157,245,102"
910689,24
910694,"197,268,24"
910698,"201,1494,180,1248,194,268,200,136,190,15"
910701,"1007,201,268,180,1372,346,200,182,328,27"
910702,"1372,1057,268,200,1166,1053,1054,1062,1526,152"
910704,"1007,1004,140,268,180,200,346,1166,1006,28"
910781,"201,180,140,268,194,1248,200,346,133,19"
910784,"1494,268,140,180,1248,194,133,155,135,20"
910849,"180,1007,1003,140,1004,200,194,153,182,15"
910850,"1494,135,194,200,182,136,157,190,207,17"
910851,"201,1007,1248,140,1003,1004,1031,180,133,26"
910852,"201,140,194,180,200,182,190,133,268,16"
910853,"201,1007,1248,1494,268,1003,1031,135,140,34"
910900,"268,1494,133,194,135,136,200,1259,272,19"
910903,"1007,201,1004,268,1261,180,135,194,1026,19"
910904,"1007,201,140,1004,268,194,200,328,163,123"
910907,"180,1031,194,182,167,1243,17"
910915,"180,1372,194,268,184,1527,126"
910916,"1007,201,1003,1248,1004,1494,180,1372,135,26"
910922,"201,135,268,194,208,136,133,200,182,28"
910924,"1248,140,133,268,200,136,1006,1527,272,15"
910925,"201,1007,135,140,268,1494,346,180,1004,19"
910926,"201,1007,1003,135,180,1004,268,140,1372,124"
910927,"201,1248,1031,1494,180,194,140,133,1026,105"
910931,"1007,180,197,1494,1248,268,1149,173,123"
910936,"1007,1004,1372,1060,1057,1032,1026,1010,1498,116"
910946,"1004,268,197,182,173,170,1012,154,1054,124"
910952,"1494,200,190,1378,272,1527,1066,175,225,20"
911905,"268,194,200,153,24"
924100,"180,268,200,194,133,328,346,273,1166,13"
924102,"201,180,1007,1004,1003,135,140,1031,268,19"
924104,"201,180,140,135,1494,268,1248,1372,1057,19"
924105,"201,140,1494,268,197,283,1372,180,135,20"
924107,"201,1007,180,140,1004,194,200,1372,190,13"
924108,"1494,268,1026,1166,1378,1268,1502,116"
924109,"197,20"
924111,"1494,268,140,1372,208,135,194,200,182,152"
924151,"1372,268,194,200,1373,182,299,1242,1498,27"
924240,"268,1166,156,105"
925338,"200,346,1050,1038,172,103"
925340,"140,1248,135,133,268,190,136,153,157,22"
925341,"201,1248,180,140,268,200,346,135,194,13"
925346,"201,1007,180,140,268,1004,1494,135,194,13"
925347,"283,268,184,157,185,299,235,207,229,29"
925348,"201,268,140,180,283,194,135,200,136,18"
925349,"268,173,17"
930083,"1004,268,1166,1161,123"
930297,"1248,1026,1529,1218,1243,19"
930298,"200,1026,1012,19"
930299,"268,1006,101"
930301,"194,268,274,272,29"
946360,"1494,268,200,273,272,274,182,276,1062,105"
946361,"201,1007,140,135,268,180,1494,1004,1372,19"
946382,"268,200,346,163,173,175,150,151,17"
949090,"1529,235,22"
949093,"268,116"
949094,"197,201,1007,268,1003,180,194,135,1248,13"
949160,"1248,1494,201,135,1003,346,283,268,180,19"
998189,"201,1494,135,180,140,200,133,268,1026,19"
1240121,"1007,1003,1494,1004,1031,1372,1016,1057,194,102"
1240122,"1007,1003,1494,268,1004,1031,1032,1010,200,100"
1240123,"208,200,282,328,272,163,274,1062,1050,22"
1240125,"1372,1373,1241,123"
1240127,"268,346,24"
1240129,"283,200,163,185,1218,1219,19"
1240130,"1372,1003,1007,1004,1494,1031,197,1373,1016,124"
1240131,"1057,200,1166,1054,1529,1059,1047,1239,245,16"
1240132,"268,1261,200,194,190,1239,229,1052,1241,24"
1240133,"268,200,182,245,291,19"
1240134,"1031,273,272,274,276,344,222,1378,225,25"
1240135,"268,272,116"
1240136,"180,268,133,194,200,136,157,229,1241,121"
1240138,"180,268,194,299,306,256,20"
1240139,"1494,1003,135,1057,1372,194,200,1024,1529,18"
1240140,"1248,1372,1060,180,140,135,268,1004,283,103"
1240141,"173,20"
1240142,"1007,268,1004,1248,208,194,328,1010,302,100"
1240143,"1007,201,1372,140,1261,1004,180,268,194,152"
1240145,"1007,201,180,140,1004,268,194,197,1372,13"
1240146,"1032,1010,273,1377,282,268,1019,182,157,20"
1240147,"180,194,182,1372,135,200,133,159,328,18"
1240149,"201,1494,1003,135,1016,180,1372,268,194,105"
1240150,"1007,201,180,140,208,194,1057,1026,153,18"
1240153,"201,1372,1060,1007,1004,1494,180,135,1242,137"
1240154,"201,1031,1007,1003,1248,135,180,1004,1372,149"
1240155,"140,180,283,200,135,194,133,268,346,32"
1240156,"268,1248,1031,194,1149,235,182,1264,225,26"
1240157,"268,1057,328,302,1066,235,299,331,256,26"
1240158,"135,182,1261,272,153,274,171,173,1239,20"
1240159,"201,1261,1007,180,1494,194,200,182,157,137"
1240160,"201,1248,140,180,135,194,1372,133,200,13"
1240161,"1007,201,1004,1003,140,268,1494,135,180,19"
1240162,"1007,1031,1057,1026,194,346,1166,1006,1529,101"
1240164,"140,135,153,194,200,182,310,157,154,15"
1240167,"1007,201,1248,1494,268,283,140,180,135,137"
1240168,"201,135,180,268,194,1261,1006,190,182,13"
1240169,"1007,1004,1494,1248,194,268,200,1529,1243,123"
1240170,"1248,135,194,157,1239,173,1243,17"
1240171,"1007,268,283,346,208,299,293,194,302,32"
1240172,"1494,180,268,173,202,1243,17"
1240174,"201,180,1057,140,208,194,200,1166,133,18"
1240178,"201,180,140,268,135,194,200,153,133,13"
1240179,"1007,1003,1494,1004,140,268,1529,136,163,15"
1240184,"180,1372,268,208,194,200,328,274,272,27"
1240185,"140,1031,135,200,268,180,1060,1006,194,20"
1240186,"200,272,274,276,225,258,24"
1240187,"1057,268,194,1006,190,1527,1239,1033,1025,104"
1240190,"201,140,1007,1004,135,180,194,268,1026,20"
1240191,"1007,268,180,1494,1026,208,194,328,1006,137"
1240192,"1007,1004,1031,268,208,1057,346,1529,173,33"
1240196,"201,268,135,180,194,1057,133,182,200,32"
1240197,"1372,180,1060,1057,268,1373,1026,200,1014,116"
1240198,"268,283,1004,1011,200,302,1058,1059,182,101"
1240199,"268,310,24"
1240200,"283,268,1032,1372,194,346,200,282,302,137"
1240201,"201,180,1031,1248,268,135,1372,194,208,13"
1240202,"1032,194,200,282,1377,1010,157,235,221,20"
1240204,"194,200,1046,1378,1053,1028,1239,1038,1030,104"
1240205,"268,1248,194,1529,157,1378,1239,1219,1069,106"
1240206,"1007,201,1004,140,1003,180,135,200,208,102"
1240207,"1003,1494,268,1372,1248,1057,1026,200,1529,137"
1240208,"1372,268,194,135,133,136,163,1243,17"
1240209,"200,194,268,184,163,306,1091,291,1067,24"
1240210,"1007,1248,1031,1004,268,1057,208,200,184,100"
1240212,"1007,1494,1003,268,180,1004,140,1248,135,13"
1240215,"1007,268,1004,1031,1016,1026,1057,194,1166,15"
1240216,"1007,1004,180,208,135,194,268,133,182,13"
1240217,"201,180,140,1248,268,200,194,208,190,15"
1240218,"268,1016,194,200,157,116"
1240219,"201,135,1372,1060,268,182,328,133,200,16"
1240220,"135,200,173,106"
1240222,"1007,1003,1057,1004,268,1494,1016,1026,1031,124"
1240223,"201,180,1007,135,268,140,1004,1060,194,20"
1240224,"201,180,135,194,200,182,204,136,157,23"
1240225,"268,1060,1026,136,173,172,24"
1240226,"180,1004,194,346,328,200,182,159,1166,13"
1240227,"268,173,17"
1247873,"1032,140,1010,1377,282,268,273,182,1019,28"
1287381,"201,1007,180,140,197,194,136,133,200,19"
1287706,"1004,1372,1060,180,140,135,194,200,268,137"
1290722,"180,201,1007,1372,194,135,133,1166,1526,18"
1290724,"1007,1004,268,1057,194,1006,1166,1053,1059,105"
1290725,"268,140,194,135,133,200,170,190,176,16"
1290730,"1007,1494,1004,1031,1016,1248,268,1057,135,102"
1290765,"1161,123"
1290767,"268,1166,1161,1378,1042,116"
1290768,"268,1248,1057,1166,272,153,274,273,1059,152"
1290795,"1003,1494,268,1248,1004,194,208,1057,299,30"
1290797,"268,194,1527,1378,173,123"
1290798,"180,135,197,140,268,194,200,133,1166,15"
1290806,"180,1026,194,200,182,164,163,1059,1053,105"
1290807,"180,194,153,268,158,302,1049,1009,154,15"
1290808,"180,1007,1004,140,1031,164,194,200,204,26"
1290809,"268,1057,1059,1047,19"
1290810,"1031,200,1166,190,1243,1239,245,115"
1290812,"268,194,1161,116"
1290813,"1003,1007,1004,1016,197,1372,268,1024,1026,104"
1290814,"153,16"
1290905,"180,268,200,1529,163,272,182,1012,24"
1290906,"268,200,272,235,274,175,173,225,310,24"
1290907,"1372,346,200,190,184,1014,273,274,136,106"
1290908,"1494,1003,268,135,200,1529,302,273,272,21"
1290922,"180,268,194,272,300,172,24"
1295743,"135,200,194,299,276,274,182,333,157,23"
1298134,"201,1007,180,1004,1248,194,268,157,1012,123"
1298136,"180,201,283,268,135,200,133,328,204,26"
1298141,"180,173,17"
1298144,"1060,268,194,1026,200,182,1242,170,157,17"
1298145,"180,153,182,200,157,184,170,154,207,16"
1298146,"1026,1059,1054,1012,1239,173,16"
1298151,"180,268,283,1372,140,200,273,346,274,19"
1298156,"1007,201,1004,1494,140,194,200,180,133,124"
1298157,"201,1007,1004,140,1016,180,194,268,1057,124"
1298159,"200,182,136,157,156,173,17"
1298160,"1372,1060,268,1373,1242,1498,1526,1166,1015,137"
1298161,"201,180,135,140,208,133,194,200,136,32"
1298162,"194,346,173,291,19"
1298167,"201,1007,180,140,1004,1372,1060,197,182,13"
1298168,"268,157,291,102"
1298169,"268,1031,1008,153,17"
1298215,"201,1007,1494,140,180,1004,194,1057,197,124"
1298216,"180,208,140,1248,194,200,182,223,225,23"
1298218,"201,1007,1372,200,1026,184,182,1014,1498,20"
1298219,"180,194,200,182,229,245,104"
1298221,"201,1007,180,135,1248,1494,1003,140,194,13"
1298222,"201,1007,140,283,180,268,182,194,135,20"
1298223,"1004,180,200,1012,245,116"
1298226,"1007,1004,268,1261,1026,1166,1378,1019,1161,17"
1298234,"1166,20"
1298347,"180,157,1012,173,1038,19"
1298348,"135,180,140,194,200,133,1166,182,170,21"
1298349,"200,274,310,257,245,104"
1298350,"135,268,136,133,282,1259,134,1377,1378,126"
1298351,"135,268,140,1261,133,180,194,346,184,13"
1298353,"200,185,207,172,106"
1298355,"201,1494,180,135,268,140,1031,1004,200,13"
1298356,
1298357,"180,1372,268,182,194,200,1377,1498,273,13"
1298358,"1372,1060,180,200,135,1498,1014,1026,1006,17"
1298359,"1004,1007,180,140,1031,1057,1032,182,268,20"
1298361,22
1298362,"201,180,268,140,1057,194,133,200,182,17"
1298363,"180,194,200,135,182,346,268,1166,170,27"
1298365,"1031,135,1004,194,1057,200,163,136,153,15"
1298475,"268,1004,1060,1372,346,200,1026,194,273,101"
1298476,"268,194,229,106"
1298526,"268,1494,1372,194,1057,346,200,1498,273,29"
1298529,"1026,123"
1298531,"1007,201,135,1003,1494,268,180,140,1004,124"
1298533,"268,1372,1248,200,1166,1378,1161,124"
1298537,"1007,1004,140,268,194,175,228,1219,1164,17"
1298538,"268,245,106"
1298539,"1007,1494,1003,1372,1016,1004,283,268,1057,19"
1299050,"1372,268,1010,1377,1058,1019,1012,166,1268,105"
1299051,"1007,201,1004,1031,140,194,268,200,133,105"
1299052,"1372,1006,228,225,123"
1299059,"268,1007,1003,1004,200,1529,1378,1012,1019,124"
1299061,"180,208,194,133,200,1166,1049,190,182,21"
1299062,"268,1372,182,135,346,133,153,157,190,34"
1299064,"201,180,1007,1004,140,194,135,1248,200,34"
1299067,"1003,1494,201,1007,1248,140,135,200,194,13"
1299069,"180,140,1004,197,1060,1261,200,268,194,102"
1299070,"201,180,135,140,1003,1007,208,268,1004,124"
1299073,"180,182,173,157,17"
1299074,"180,194,346,200,184,182,157,185,173,17"
1299077,"201,1016,1007,180,1004,140,1261,1494,208,26"
1299078,"135,180,268,194,208,182,133,200,136,124"
1299080,"1007,1372,1004,283,1003,1031,135,180,208,26"
1299081,"201,180,194,1494,1031,1261,135,197,133,26"
1303910,"268,24"
1303912,"153,1161,309,158,1239,1241,24"
1330941,"180,194,200,346,1026,268,1011,1166,163,27"
1330969,"133,19"
1330996,"283,268,346,135,194,200,328,184,136,25"
1331036,"1494,1003,201,135,1007,1016,1004,1248,140,28"
1333003,"1031,135,194,182,153,204,190,1239,124"
908482,116
1240151,"268,293,299,272,333,302,274,276,331,23"
1331033,"140,283,208,268,226,1057,273,1248,328,16"
687980,"283,219,331,302,252,235,299,326,225,30"
688000,"268,346,273,272,328,274,326,219,276,23"
753539,"1494,272,299,274,276,225,235,304,300,17"
905956,"1007,1004,1060,1242,1373,1012,1036,123"
908477,"268,219,269,24"
909257,"1248,1494,268,1003,1004,208,1166,344,302,27"
909729,"1007,268,1004,1031,1057,346,1166,328,1058,152"
909746,27
909905,"1007,1004,1057,1026,268,1166,1058,1527,1037,105"
910941,"268,208,226,273,300,272,274,276,1054,105"
946372,"1007,268,1003,1494,283,1248,346,1378,299,27"
946377,"1007,1003,1004,1494,268,1016,1248,1057,1026,119"
971774,"1261,1011,1218,225,1047,103"
1290801,"283,346,328,268,252,302,272,299,274,33"
1297438,"268,273,346,272,274,219,302,276,299,24"
1298534,"268,346,328,272,24"
1303911,"268,228,24"
1322213,"268,1248,346,208,273,272,274,226,276,21"
1330977,"268,346,274,272,257,245,26"
1479987,"1007,1031,1248,1057,1026,1024,1166,1054,1019,114"
1479988,"1248,1007,1004,1003,1031,268,1494,1372,1057,102"
1479991,"1007,1003,1494,1248,1031,268,1004,1057,208,32"
1479992,"1003,1494,1007,1031,1248,268,283,1004,328,105"
1479993,"1007,1248,1003,1494,1031,268,1004,1057,1166,32"
1479994,"1003,1494,1007,1031,1004,268,1057,1026,1529,34"
1479995,"268,1003,1031,1494,1372,1166,1058,1527,269,137"
1480358,"268,137"
1480360,"268,1192,1527,1142,235,229,225,124"
1480361,"268,1031,273,272,344,274,1219,1012,291,116"
1480362,"1003,268,1057,1006,1005,1239,104"
1480364,"1372,268,1377,272,328,1527,1219,265,1164,115"
1480367,"268,1494,1372,1026,1166,1242,1239,1203,1268,116"
1480371,"1003,1016,1248,1004,1057,1060,1149,1006,1166,105"
1480372,"1003,1494,268,1004,1166,273,1006,272,1378,116"
1480374,"268,123"
1503361,"1007,268,1248,1004,1031,346,1026,1166,1006,105"
1503362,"1007,283,268,1004,1261,1248,1372,272,273,32"
1503363,"283,268,208,1248,346,328,302,219,299,22"
1503365,"1031,1007,268,1004,1060,1372,1057,1026,1166,105"
1503366,"268,208,328,1026,346,282,301,272,274,23"
1503367,"1248,308,268,328,249,272,1059,262,1062,101"
1503368,"283,1248,268,1032,282,1166,1026,328,1010,22"
1503369,"1007,1004,1248,268,1377,282,1166,1012,1239,116"
1503370,"1007,268,1248,1004,1057,1261,346,208,1166,32"
1503371,"1007,1004,1032,1377,1026,268,1166,1012,255,116"
1509074,"272,302,274,299,1072,1066,1239,25"
1524414,"1057,1066,1053,256,1038,258,104"
1524415,"1003,1031,268,1494,1004,1057,1060,328,346,102"
1524416,"1494,1016,1007,1003,268,1057,283,1248,1004,30"
1524417,"1006,229,1241,1025,1043,115"
1524418,"268,1057,293,299,302,274,272,1373,256,27"
1524419,"1031,1016,1057,268,299,344,272,331,256,27"
1659817,"1248,1004,268,328,272,274,1527,1218,235,31"
1659823,"219,252,229,235,291,24"
1659928,"268,208,346,226,328,272,274,301,293,30"
1660034,"1248,1372,1526,272,1243,1239,1050,179,275,116"
1660035,"268,1248,272,219,274,235,22"
1660036,"223,1015,299,1161,101"
1674021,"268,1248,1008,1239,124"
688029,"328,299,302,331,256,33"
713869,"1004,1012,1142,1161,1239,1069,116"
724825,"1248,1004,1372,1057,1166,1053,1058,1059,1008,152"
753569,"1007,1372,1004,1261,1498,1243,121"
753607,"1248,101"
753615,"1004,1062,1050,102"
869795,"1060,1166,1054,1161,1239,1262,116"
905949,"1007,1494,1026,1372,1031,1057,1060,1248,1024,114"
905951,"1031,1192,1243,123"
905968,"1031,1058,1019,1053,152"
907070,"1248,1239,1243,1038,106"
907276,"1248,1049,1059,1091,116"
907798,"1494,1003,1248,1004,1527,1059,1058,1218,1053,101"
908124,"1007,1372,1060,1373,1242,1057,1498,1014,1526,102"
908132,"1494,1003,126"
908147,"1494,1003,1248,1016,1004,1007,1031,1008,1057,102"
908442,"1057,1058,1059,1012,103"
908461,"1004,1026,1377,152"
908468,"1494,1003,1004,1248,1011,1012,105"
909727,
909907,103
910209,"1004,1024,1059,1012,103"
910696,"1007,1004,1026,1057,1019,101"
910705,"1248,1003,1494,1004,1008,1006,1011,1012,1262,123"
910899,"1248,1011,101"
910908,"1060,1014,1091,1012,105"
910951,"1494,1003,1248,1004,1013,1057,1008,1006,1259,101"
924250,
998184,"1248,1494,1003,1004,1166,1529,1239,1012,1161,124"
1240124,137
1240144,"1378,123"
1290771,"1372,1498,152"
1297440,"1248,1494,1003,1024,1006,1059,1012,1218,1054,102"
1298152,"1007,1003,1026,1004,1038,117"
1298153,"1031,1016,1166,1006,105"
1298154,"1248,1007,1004,1031,1026,1372,1057,1008,1024,152"
1298158,"1012,116"
1299066,"1007,1031,1026,1010,1019,1053,101"
1327765,"1248,1004,1494,1003,1261,1016,1008,1057,1022,102"
1327773,"1248,1003,1494,1016,1004,1057,1024,1058,1059,121"
1330948,"1494,1004,1031,1024,1057,1059,1058,1527,1053,106"
1330964,"1494,1026,1527,1058,1059,1012,1091,1239,1243,124"
1330993,"1007,1003,1494,1004,1031,1529,1378,1012,1239,124"
1330994,"1248,1003,1494,1004,1057,1008,1024,1006,1058,105"
1480359,103
1480366,"1012,105"
1503364,"1007,1004,1032,1057,1377,1166,1053,1012,1239,105"
1503374,104
1509073,"1239,104"
1659818,"1057,1008,1059,1058,1053,1012,1020,1047,106"
1659819,"1016,1004,1031,1057,1024,1022,1166,1058,1059,105"
1659820,"1248,1008,1024,1006,1059,1012,1091,1005,1219,124"
1789883,"1032,1372,1010,1377,1166,1527,1019,1053,1012,111"
1330973,
687800,
1240137,116
1298233,"1494,1378,123"
1322212,"1248,109"
1333019,126
