,cell_line_id,part1_spearmanr,pca_spearmanr,racs_spearmanr
0,683665,0.9271997441072767,0.9356550334874899,0.937808518346605
1,684055,0.8505602860102748,0.8814525622073106,0.8852416403368124
2,684057,0.8280076110946089,0.8744968419947545,0.8736176000837448
3,684059,0.8010325595338114,0.8529543499358752,0.8519326821324467
4,684062,0.8134803343152379,0.8551645559645131,0.8561986150197194
5,684072,0.8991886626836786,0.931989443066563,0.9325865387150828
6,684681,0.8188662613670187,0.832442481589751,0.8287362414999725
7,687448,0.8199474036444885,0.8242586188588901,0.817164359647619
8,687562,0.9168766063714596,0.9104739829718094,0.9145580440626323
9,687568,0.8635620503554454,0.8462635279868767,0.8433067971196115
10,687590,0.8582837737145721,0.8512561858717912,0.8486819071291785
11,687600,0.7250893383430863,0.7046307309660457,0.7028970162591641
12,687799,0.858239740840283,0.8584594357646942,0.8484007154620892
13,687804,0.8565910865945505,0.8256573480071575,0.8305658916536338
14,687807,0.8072582810542783,0.7984792101281885,0.7944719590562934
15,687814,0.7721113377160728,0.7163294731915596,0.7237506763183338
16,687983,0.8808722534941014,0.8700828948022812,0.8621524585444567
17,687984,,,
18,687997,0.8921413218573779,0.9191576441001303,0.9082392733058753
19,688001,0.7858085114296699,0.7773359269202984,0.782627040386431
20,688006,0.9050068294261542,0.9179311612844131,0.911571879989333
21,688007,0.8438688241154914,0.8955700285971702,0.8809837311970137
22,688010,0.8698502804884581,0.8563493246922124,0.8558701333155433
23,688013,0.7627434031569421,0.7536601442414385,0.7567132894245888
24,688014,0.8784050995341744,0.890620418686274,0.8847341083671312
25,688015,,,
26,688018,0.791488468225326,0.8351263100834914,0.821686973414501
27,688021,0.8291615992719326,0.8187464839205915,0.8162395994654785
28,688023,0.8328806247041793,0.8392477324056531,0.8298524576303825
29,688025,0.8770561279833423,0.8791471943609509,0.8765261116600622
30,688026,0.893498788086027,0.8860780570755729,0.8864320523363826
31,688027,0.8640163626320575,0.8704935872606202,0.8754805742273258
32,688031,0.8538129518390417,0.8666057802490739,0.8603049494405755
33,688086,0.8121878200881238,0.825068803515112,0.8320876732377755
34,688121,0.892300696517247,0.8795501788535557,0.8829238047527456
35,713878,0.8022693737616683,0.8256470725803905,0.8222646868108311
36,724859,0.8821696491978489,0.8766689271428455,0.8758326328491873
37,724863,0.7334536998162773,0.7538344068827822,0.7391041552195978
38,724866,0.8842456782054016,0.8774244362770979,0.8870379043632953
39,724872,0.8394498420378027,0.8382771837589841,0.8328828252361207
40,735784,0.8938828334938175,0.8922894284238834,0.8961059269695758
41,749711,0.8487734924558404,0.8473474008045245,0.843090113751053
42,749713,0.8591959435087712,0.8720062006653124,0.8664345779020307
43,749715,0.8403051877079244,0.8543129753959993,0.8573744376429006
44,749716,0.7744433813217078,0.8272084907483691,0.8233507584786129
45,753531,0.9537513132521619,0.9633070906976791,0.9616490660864019
46,753532,0.8209071181373687,0.8279311843666529,0.8366874748522649
47,753546,0.8745645573126996,0.8831891078199317,0.878879837143524
48,753547,0.8673266354380765,0.8659141336661673,0.865985182929469
49,753548,0.8889430496073342,0.8907277599525231,0.8883099705365808
50,753549,0.8308510475151643,0.8588202202029911,0.8569518581951033
51,753551,0.8213966027836802,0.8483956601455939,0.8476259655008362
52,753552,0.8496560407235283,0.8454305349766152,0.8431209017888399
53,753555,0.769797780831595,0.7648104578740514,0.7693363260823228
54,753558,0.8607255481958026,0.860878599659365,0.858511428099722
55,753563,0.8228934760840103,0.8328254992223617,0.8344713197627041
56,753564,0.8723915916298312,0.8980572891080424,0.8960382029968719
57,753565,0.7911379041354768,0.7997223868311328,0.7945616274393161
58,753577,0.9278720502110522,0.9331037185401025,0.9279688294368535
59,753578,0.8038322524293925,0.8124823999107655,0.8230239365629095
60,753579,0.8377467304795089,0.8487441104332679,0.8485200228565157
61,753581,0.8746931578795876,0.8727473771632853,0.8685088315151539
62,753582,0.8464244292562113,0.8450135307315952,0.8445341186147718
63,753583,0.8518905861839039,0.8361951733260707,0.831858929761598
64,753584,0.8960039120143762,0.9080236960453393,0.9069319701464662
65,753585,0.8222923349031773,0.8228919988696761,0.8361960317424606
66,753588,0.9027902609709885,0.9118050442445259,0.9107677257599459
67,753589,0.8420912694435021,0.8620841035670281,0.8613262884015539
68,753592,0.935535729020314,0.9389864274388083,0.9348239523822802
69,753594,0.899044312919629,0.9032917724188121,0.9001228608733987
70,753595,0.8355969959640204,0.8729410611817446,0.8710726327218683
71,753596,0.840188743680816,0.8890093363434219,0.8844099119918691
72,753597,,,
73,753605,0.8568295067520214,0.858809619759261,0.8596229463044001
74,753612,0.8717993173865025,0.8936939185635032,0.8915157516214814
75,753614,0.8484148277329561,0.8534971350964718,0.847837598081779
76,753616,0.8638836739421908,0.8647634295533465,0.862621689324441
77,753618,0.8587098064487204,0.8815350100245293,0.8819661036500542
78,753620,0.8620106587244735,0.8782342605757674,0.8786521617192725
79,753621,0.8659098050252176,0.8753444866533702,0.8818199888685235
80,753622,0.8974535977325537,0.9053923840248309,0.9110457149372322
81,753623,0.8611921148952181,0.8611878756152563,0.8674574445800983
82,905938,0.9164900819080175,0.9237537887049349,0.9205611118068957
83,905940,0.8618509238782127,0.8918956596666842,0.8880600920983164
84,905941,0.833568862404983,0.8187141254506994,0.8135650858034466
85,905942,0.8458884762146988,0.8383854723925747,0.8349870221863905
86,905952,0.9282721431954996,0.9235194521204422,0.9237734790075055
87,905955,0.8954189582437605,0.8723155408193688,0.8722736260562621
88,905958,0.9325071108696129,0.9289231331852987,0.9298622764895917
89,905965,0.829636319105264,0.8636225272685475,0.8651090948397363
90,905967,0.7681302896115063,0.767295960096371,0.7644987900385096
91,905970,0.8237675500265396,0.836713088659486,0.8360701989020366
92,905971,0.8974498875753003,0.8874869011683142,0.8922514595516055
93,905972,0.9158082142450802,0.905026958590736,0.904495748169155
94,905974,0.9124775571895674,0.9301990637832209,0.930620993819406
95,905977,0.8258725495823113,0.863308609981093,0.8640802506489418
96,905978,0.8622427200633259,0.8689879183467092,0.864522035261272
97,905980,0.8574028562298806,0.8770033047324439,0.878486499828325
98,905982,0.8808910046308714,0.8886779033752493,0.8884056113843136
99,905984,0.8828176997172237,0.880430836975354,0.8804762567488359
100,905986,0.9082045265193961,0.9148701322219178,0.9124801585012748
101,905989,0.8569832651318712,0.8665457829122956,0.8663515112865827
102,905990,0.9299888637558339,0.9295717833512618,0.9303117015983096
103,906746,0.9041651945801045,0.9116687301598347,0.9117394584308277
104,906763,0.8742298494245268,0.8897760698049355,0.8895665538085644
105,906765,0.9005657059116274,0.9160570636258909,0.9149278530407964
106,906794,0.9130784141028072,0.9123120708545374,0.9122758733649381
107,906800,0.9336040264182969,0.9395201790846863,0.9373275582452518
108,906803,0.8590285907301758,0.8645045882019752,0.866151324312632
109,906808,0.8498744070288824,0.8637478087560593,0.8650906761706907
110,906812,0.8734874127738331,0.883605322285612,0.8814270891663887
111,906813,0.7832664910352142,0.7199648217514234,0.7175613325410322
112,906831,0.8820889851268976,0.888482904614921,0.8901690444058145
113,906834,0.7151725222020896,0.7366540426345605,0.7364300474725022
114,906836,0.8240225032288003,0.8389413474446364,0.8383881430565833
115,906838,0.8251947996490558,0.8024659514466504,0.8061931549706356
116,906841,0.8889008373429813,0.8936133461520486,0.8941506000985678
117,906842,0.8867334303958734,0.8873353491394332,0.8889013580739489
118,906844,0.8742386114055418,0.8799758380566773,0.8796103321573219
119,906846,0.8153351196321914,0.8506161520945603,0.8497154710866942
120,906847,0.8171800779572015,0.8301379691031789,0.829080437525605
121,906849,0.7998533724340176,0.8005865102639296,0.8005865102639296
122,906850,0.8653301220636216,0.8656715264984319,0.8659613981883655
123,906854,0.867295574425494,0.8890319608007703,0.8885070176528883
124,906855,0.8597177873306961,0.8641744283108671,0.8608337149619144
125,906856,0.774720673712724,0.7794675153081358,0.7810429619527669
126,906861,0.8835752171704213,0.8727842807609654,0.871355315684472
127,906862,0.8236138503368589,0.8335693321871841,0.8315233508759304
128,906869,0.8817430891369422,0.890495544560445,0.8898816563400412
129,906870,0.787180592081262,0.7763005108652046,0.7757890268652164
130,906871,0.915508017856644,0.9266754187748644,0.9265299586487822
131,906872,0.8347857732742066,0.8507198936775848,0.8496101826133298
132,906875,0.8265126537945966,0.8437815280142652,0.8427930185427173
133,906877,0.8673834593754493,0.8600572128297868,0.8634379992107089
134,907041,0.893528876438963,0.8930907037640653,0.8960686013544662
135,907043,0.7804636373992908,0.755704219581094,0.754199230781586
136,907044,0.8996177141923368,0.9085879107437047,0.9099887417691637
137,907050,0.8384276822024512,0.8467429688741158,0.845060871693595
138,907053,0.8791567457448548,0.8703926826697744,0.868521051122928
139,907056,0.8432657661876712,0.8799984906871949,0.8800156104511241
140,907063,,,
141,907067,0.7892907892700923,0.8056360533716433,0.8099754376940123
142,907073,0.8919290417609164,0.89753296574281,0.8974895943004306
143,907170,0.833801520649539,0.8470111493653444,0.8459326752628042
144,907172,0.8991875274233506,0.9015699977117965,0.9031708116518428
145,907173,0.8645474285326346,0.8769566770273148,0.876781983399589
146,907268,0.8807023368258241,0.8896431367824129,0.8901756017739659
147,907269,0.810031903929272,0.8041318732358245,0.8076057883886018
148,907270,0.7230682987778294,0.7178354890555677,0.7177481416274737
149,907271,0.8982088872068692,0.9022934659941412,0.9015506923094071
150,907273,0.8518278608143534,0.8645584069638361,0.8619348739881117
151,907274,0.896108873743008,0.8984273870157155,0.8973698011693493
152,907275,0.7608854030247235,0.7879038123118217,0.7956684486256372
153,907277,0.9132103203741238,0.9274993523129769,0.9268659180849335
154,907278,0.8523458259169073,0.861205796367804,0.8605706164757437
155,907279,0.8831429573468241,0.8953440027963783,0.8953830157052993
156,907280,0.8921398697077523,0.8888532129331352,0.8884182296563841
157,907282,0.8748936815465072,0.8783458487028787,0.8789997195344021
158,907311,0.8457894130205675,0.8473266974077316,0.845018674530094
159,907313,0.8838111116947343,0.8823678105284741,0.883659130090444
160,907314,0.7971661318328954,0.793630451740114,0.7927594671318924
161,907322,0.813175822596752,0.8173759947128405,0.819796637385024
162,907323,0.8339908783366682,0.8129148525882537,0.8165247111502055
163,907391,0.8802847189617411,0.8909772269042944,0.8907323096363644
164,907783,0.821241364584025,0.8436783874366626,0.8418088393389894
165,907785,0.7855146854811581,0.7959051424983442,0.7992483831628945
166,907786,0.899124440301957,0.9063773673937378,0.9052831002727765
167,907787,0.8801927066221343,0.877520263929321,0.8765646970885779
168,907788,0.783510830151568,0.791120443736894,0.790599593760838
169,907789,0.8655739062391803,0.8770099764913069,0.8774317852490454
170,907791,0.8446032078428943,0.8677031733032048,0.8650802290368375
171,907792,0.9088829319986079,0.9184784437770414,0.9182045312451484
172,907794,0.8764819972506269,0.8863295178028956,0.8855667140643624
173,907795,0.8317995979004024,0.8459748894959824,0.8389734916340917
174,907799,0.8974743907006516,0.8903670191805559,0.8913593514127524
175,908126,0.8696568319016287,0.8830158658982592,0.8820183755211178
176,908135,0.8415926295553094,0.8698511874428573,0.8707865503530031
177,908136,0.8868821694197081,0.8880952386334747,0.8877011308935183
178,908141,0.8873544423422997,0.8894081476190469,0.886341021855478
179,908142,0.8851962969350751,0.8971369164150023,0.895682682083004
180,908143,0.8891400225686948,0.893215952456795,0.8938906543480248
181,908148,0.8747061254994891,0.884160421177358,0.8822248410570551
182,908149,0.742017618537443,0.7754044955471829,0.7747673881693824
183,908150,0.8676291612614379,0.8760264608217936,0.8755465129508396
184,908151,0.8134615870985356,0.8087360351008156,0.8090763447234239
185,908159,0.9344686465991822,0.9383796283977578,0.9357138412987782
186,908440,0.8914183437243569,0.9069500986568915,0.9067941455762257
187,908444,0.7832421295100552,0.7879210846065896,0.7842647774765691
188,908445,0.858682959203802,0.8423317984897557,0.846946847814833
189,908446,0.7819498356804354,0.7619201253085696,0.7658972404512431
190,908447,0.8234378720025235,0.8301927051773796,0.8306485981183525
191,908448,0.9003986697508396,0.9166416728829883,0.9181729378892659
192,908449,0.8753206973678411,0.8764594328138932,0.8752225417638142
193,908450,0.9071185574589793,0.9024191371963862,0.9015150175803402
194,908451,0.8696635361949518,0.8881780264813159,0.8895267117605804
195,908452,0.8827063978273083,0.8834570811007457,0.8844578456286245
196,908454,0.8811364187646256,0.8856708260268013,0.88623768118947
197,908457,0.8666215129277846,0.8948756570685077,0.8917431557860521
198,908458,0.7224611160341973,0.6988639011503668,0.69582375193374
199,908471,0.9081464928770455,0.895211812986325,0.8954712464847304
200,908480,,,
201,908481,0.8716636617326374,0.8924918820595876,0.890671490192081
202,908483,0.8402124025783592,0.8406239417855811,0.8398471696844697
203,909194,0.8535278958917619,0.8728880135344741,0.8728825722422756
204,909248,0.8862793945938408,0.8836818618280446,0.8829299710911093
205,909249,0.8826674056053433,0.902154444451743,0.8978747309861578
206,909250,0.8965853910081196,0.8996066927343271,0.8985201328474709
207,909252,0.8642398997975564,0.8687010585867773,0.870384811639499
208,909253,0.8015430109820314,0.7850635818310499,0.7864422918309856
209,909256,0.8478192991688099,0.8721724114720849,0.8721923035429274
210,909260,0.8887152113450177,0.9197495649071264,0.9187067913979892
211,909262,0.8796124596752024,0.8811120303657355,0.8847561408741842
212,909696,0.8869639773333143,0.9001350544201258,0.9031897185129157
213,909697,0.8552829573428061,0.8718214823719864,0.8660601457162069
214,909698,0.9042932832655143,0.9086922613781163,0.9085507631693507
215,909701,0.8774626016627273,0.8974340116823113,0.8952077455501817
216,909703,0.87724944026115,0.8821482199834761,0.8845466266715016
217,909711,0.7541086094215708,0.7782375288194995,0.779845718679035
218,909712,0.9283525777092813,0.9289353185439433,0.9285553592299545
219,909713,0.8571013570108215,0.8851542178910428,0.8854753489429891
220,909715,0.8599359833923618,0.8879885080808763,0.8883476326331877
221,909717,0.9134223600539095,0.9042773703807445,0.9023169909958435
222,909720,0.8983716353787505,0.8947932868117797,0.8938047799765682
223,909722,0.697396848287196,0.7595531039567177,0.7659117895527768
224,909723,0.8230956343340161,0.8497863849840064,0.8493044011671201
225,909730,0.9138140757881572,0.9000912431370677,0.8998010310814243
226,909731,0.916190608872693,0.9206630603333797,0.9210908125416263
227,909742,0.8239165398986869,0.8570386833721718,0.8564331361715909
228,909743,0.8502108356105821,0.8614291958626432,0.8627282043467805
229,909754,0.7814279824106451,0.7873952495604029,0.7931144578435704
230,909756,0.9166306184658797,0.9203979484101691,0.920945539477392
231,909758,0.9120856296036965,0.9123529075974484,0.9124343138360683
232,909769,0.8941314797888303,0.9001385681540979,0.9014739641463093
233,909771,0.8149912409839012,0.8297516786654422,0.8240291135416238
234,909773,0.8326799943535514,0.8449338101179023,0.8472566120895729
235,909777,0.8460474901356719,0.8503132609482106,0.8520035920739614
236,909785,0.8650874119715724,0.8554394307798397,0.8577215143319191
237,909974,0.8125451150406704,0.8359691433835414,0.8355881134256795
238,909975,0.9142165343213646,0.9269833563503842,0.9264213219706221
239,909976,0.8249999476291389,0.8118963085168572,0.8120944091268202
240,910401,0.9248568826493057,0.9178840333797084,0.918281368125491
241,910544,0.7734878738573671,0.7963209631736884,0.7966759421627525
242,910545,0.9188359281774935,0.9226114205274625,0.9205534749735331
243,910546,0.8611730531076126,0.8855852513954893,0.8848436561562446
244,910554,0.7046827909872204,0.6936259656901983,0.6907520882719967
245,910566,0.8529890210021069,0.843191988813489,0.8429438463471732
246,910567,0.858513572138987,0.8593653479796314,0.8594194080562046
247,910568,0.876080602020821,0.8804810401206107,0.8805778928830289
248,910569,0.8738476245108163,0.8652580344926889,0.8659564518384786
249,910687,0.8201376283067824,0.8334435183266528,0.8340094607422792
250,910688,0.860393118899543,0.8696970613362915,0.8655638434719246
251,910691,0.8799069834050899,0.8837803941590212,0.8851826223322745
252,910692,0.8514024423660025,0.8512015729852487,0.8493653753554034
253,910697,0.9202364878481388,0.9272643702334907,0.9278927455997104
254,910700,0.8500693426353602,0.8591764305630775,0.8579115759883688
255,910703,0.8860956829471214,0.8946929669087044,0.8934177165141101
256,910706,0.9018176149911792,0.9129108061000456,0.9125318199537386
257,910707,,,
258,910710,0.8546989167061966,0.8523825013570914,0.8550011337917134
259,910861,0.8094141621941393,0.8085368440597372,0.804953736221586
260,910905,0.8197877621332986,0.8378679106647975,0.8398518586620421
261,910906,0.8886361679430177,0.8953974442635071,0.8920024813652954
262,910910,0.7968078012870056,0.8047855229030357,0.8033399079187853
263,910911,0.8804640204621089,0.8869598626609893,0.8875562780657263
264,910918,,,
265,910919,0.8571765386773433,0.8797397972442851,0.8805902672297478
266,910921,0.8650754082346167,0.884761755106472,0.8850924989636735
267,910930,0.8385005107396774,0.878309966462965,0.8766660549580164
268,910933,0.7599581057773426,0.7431357141909418,0.7399028005423692
269,910934,0.8300331567379108,0.8177379401703181,0.8162156686069921
270,910935,0.8367258274094527,0.8282158700390493,0.8276411325970692
271,910942,0.8283780451122607,0.8435588071525535,0.8415651790522137
272,910943,0.8709266107748355,0.8808974019934818,0.8812558547883453
273,910944,0.8397307725149731,0.8593355463366279,0.8567951958236631
274,910947,0.8818267603579342,0.8931131163249488,0.893594855392303
275,910948,0.8131547550906224,0.8173830392300669,0.8172917928970287
276,917486,0.8320809666016781,0.8458915808884615,0.844155984476598
277,924110,0.802388423589817,0.8030795350346147,0.8082191959815183
278,924186,0.8644116766302286,0.8549594279674535,0.8533630348483168
279,924188,0.8440448212168664,0.8419272542264971,0.8419286847733575
280,924238,0.9114896421463444,0.9211966351907744,0.9217096719305229
281,924239,0.9075759846968242,0.9288062388839109,0.9297411876242161
282,924242,,,
283,924246,,,
284,924247,0.9047676706902779,0.9069763799566396,0.9053239758418974
285,924248,0.8344689185481444,0.838733570994093,0.8385192055462583
286,925339,0.8740418383555072,0.8852791485737302,0.8857545637049945
287,925342,0.9028843559609009,0.9134589507904917,0.9132965838379539
288,925343,0.9362931560183188,0.937872478340324,0.9374175648453985
289,925345,0.8018987412956046,0.8119077117950185,0.8099713272256233
290,930082,0.8866363981990845,0.8842888210224119,0.8851963508574835
291,946355,0.8231030610348705,0.8191511830366747,0.8198317823064549
292,946356,0.8533053514911473,0.861332032508067,0.8617924502824059
293,946358,0.7934828010017502,0.7830795437643132,0.7812739273818885
294,946359,0.7903341355594993,0.8452288128278648,0.8446248859507903
295,946363,,,
296,946367,0.7691427116103491,0.7793613120805434,0.7786146357725457
297,946368,0.8449193385042707,0.8480669362863846,0.8479769303821302
298,946369,0.8815423997378498,0.8936116828042446,0.8934707463777792
299,946370,0.8830709707693212,0.8932383538916261,0.8929961596639955
300,946373,0.797163477096008,0.7905145479762123,0.7894438618356562
301,949088,0.8881596839399581,0.8952397607988014,0.8956010081135418
302,949153,0.8818062583414675,0.8743612391215341,0.8743818527652514
303,949154,,,
304,949155,0.9078242804710566,0.9166866619718127,0.9191151185149544
305,949156,0.8610107913795253,0.8796759914548075,0.8794853575539145
306,949157,0.8693631580725718,0.8694536013255119,0.8725101108101297
307,949161,0.8759132248887839,0.9079391799454668,0.9073329983253832
308,949162,0.68461405465164,0.66109079240222,0.6377417765398327
309,949163,0.8644911288347658,0.8851380965048524,0.8906602595076992
310,949164,0.8168093927101512,0.8501657212930532,0.8471009304189833
311,949165,0.9086650644870801,0.9140268329605735,0.9144981646011139
312,949166,0.7287789604621618,0.7583279369329151,0.7584311524497458
313,949168,0.7417050432309755,0.7129356132491346,0.7102100989608505
314,949170,0.8566419656869106,0.8606552940987804,0.8654542004861269
315,949171,0.8427953439150312,0.8645109091951007,0.8579125938843715
316,949172,0.8235263591670061,0.8271599480978136,0.8254983571797057
317,949173,0.8314204407779223,0.825630199456428,0.8245642885763812
318,949174,0.7633464535431661,0.7569127393099344,0.7552228279936704
319,949175,0.7710269469259097,0.7624649445862615,0.7577295391960128
320,949176,0.8842166672656782,0.8992523880269693,0.898747588518457
321,949177,0.8580046066833633,0.8668047904847969,0.8650330101321921
322,949178,0.8093365396908622,0.8268273103442362,0.8233711905971787
323,971773,0.8528239103822935,0.8783287562941153,0.8706302138417257
324,971777,0.8776802809645898,0.8654838112956409,0.861642800545328
325,1240128,0.8185208032791323,0.8285957794314562,0.8285383851669212
326,1240173,0.8723901294320561,0.8829668476797867,0.8775566149385164
327,1240181,0.735183175174669,0.7329019991518533,0.746154607696184
328,1240182,0.8564685771918009,0.8693192902098948,0.8649861052493074
329,1240183,0.8947799266831915,0.8900772208452682,0.8850006743500956
330,1240189,0.8810932613504261,0.9002296669370621,0.8951786369296496
331,1240193,0.8510811639382422,0.8726666728932166,0.8740404431176483
332,1240221,0.7958665613189575,0.8101700310377381,0.7967406943907341
333,1247871,0.9076247855067876,0.9106359952849508,0.9038375121693638
334,1290455,0.8595491905716097,0.8791643901265439,0.8685149649820659
335,1290769,0.826637459220502,0.835931981965202,0.8246061701460187
336,1295740,0.8718427339547139,0.8876380649785115,0.8843655163465174
337,1295741,0.9067051596638913,0.9255172138761069,0.9145954793204459
338,1297439,0.8648532490429907,0.8779459820103078,0.8805747172501074
339,1297446,0.9029272894904221,0.8945263368909024,0.8938584869210316
340,1297447,0.9136643192099722,0.9378399729184342,0.9251992452477621
341,1297449,0.8540635409820609,0.8545967145698857,0.8590851557092254
342,1298352,0.7018772806255845,0.6944891210495391,0.7021749137705552
343,1299075,0.863238196733346,0.8640906101142065,0.8629055720207363
344,1303896,0.8850957027546329,0.8900932317546026,0.9043787609478494
345,1303897,0.9214937905544651,0.9140862769815009,0.9013893103858539
346,1303901,,,
347,1322218,0.9135015167647234,0.9192451343860979,0.910701777725815
348,1322224,0.7773539124368535,0.7756081439825041,0.774228106248858
349,1323913,0.8891652772861226,0.9050705046464658,0.8977374819775841
350,1327766,0.9174576905650341,0.9272316125979719,0.9241756901519672
351,1327768,0.9104164151980934,0.9074542791090984,0.8998658378729949
352,1327769,0.8745679581131154,0.8893235235776922,0.8912258344619848
353,1327771,0.8722099470191177,0.9006995826180405,0.8995237175544393
354,1327774,0.8937776908538788,0.9156212145079164,0.9142156881854461
355,1330931,0.9068610867624736,0.9142551068887966,0.9152181490780185
356,1330933,0.9469055041785431,0.9463834943517905,0.9440346618142215
357,1330935,0.8447847271779451,0.8437838064101766,0.85270669299428
358,1330942,0.8380975541079749,0.839610043941012,0.8485958896365264
359,1330943,0.8961002908761447,0.9070961223007316,0.9066008842914612
360,1330947,0.8594648810306201,0.8773788336181096,0.8804913337053312
361,1330950,0.9008019526420857,0.9192354630389439,0.9118824191977304
362,1330960,,,
363,1330965,,,
364,1330972,0.8768975358231522,0.8893848872161664,0.883713354157192
365,1330974,,,
366,1330981,,,
367,1330982,0.8932194089673682,0.9137071260080734,0.9077945285591515
368,1330983,0.8919715247938418,0.9163885335840857,0.9186373470861642
369,1330984,0.9100717547911958,0.911038637509167,0.9073465477510322
370,1330985,0.8642330828120104,0.8664000118063824,0.8671757287545245
371,1330987,0.9317924421383968,0.9271123630148013,0.9189321219968066
372,1330988,,,
373,1330991,0.8847573824606491,0.893397908194433,0.8955731391381596
374,1330995,0.8302255907311035,0.8266728713679865,0.8321254383367679
375,1331025,0.8563715671046999,0.8689434506745111,0.873733504970765
376,1331031,0.9014992914914457,0.9259485452860087,0.9309396216383046
377,1331032,0.8998013408612492,0.9076838677387042,0.9115483951909774
378,1331034,0.8974806433890202,0.9074998467136001,0.9053983711206951
379,1331035,0.8801453162172637,0.8738975032865648,0.8887062280574884
380,1331037,0.8912657724414114,0.8943898357177514,0.8983580111352885
381,1331038,0.8426573897247793,0.8588658139542866,0.8647251026135602
382,1331039,0.8673735974663254,0.8821938348831374,0.8899250876028767
383,1331040,0.8193554000266765,0.8514348164729582,0.8390683598786874
384,1331043,,,
385,1331044,,,
386,1331045,0.9015079479368793,0.9026651862030616,0.898571120707624
387,1331046,,,
388,1331048,0.9091316637306373,0.9185824559265657,0.9236570430397215
389,1331049,0.8618922579204434,0.8935918218613175,0.8923705341100309
390,1331050,0.7549136851196748,0.7381765561300401,0.7255215410945611
391,1333014,,,
392,1333015,,,
393,688087,0.8577328859231077,0.8539540461354884,0.8413395739254868
394,713885,0.8541834419849132,0.8547866397673197,0.857218447641192
395,724831,0.8876264234167514,0.8817059440600362,0.8852051656940532
396,753536,0.9050695813851501,0.9056614477944064,0.905250782260087
397,753559,0.8349277980120735,0.8396326608170299,0.8506047010217809
398,753599,0.8181526470199244,0.8178118707412958,0.8201702382504265
399,753611,,,
400,905948,0.7841294564647332,0.8044314427466717,0.8046445667852201
401,905964,0.8870174538079209,0.8931630886157763,0.8918680849123753
402,906832,0.8161307580710676,0.8228893434928708,0.8253377129513016
403,907175,0.7560195889884678,0.730925588196786,0.7311046020965085
404,907272,0.8822591238611227,0.8972773668897794,0.8956432355667516
405,907281,0.915823555531799,0.93595622202759,0.9333001827056111
406,907284,0.8835396635058348,0.8850752714958757,0.8849990662304524
407,907290,0.7758170637593499,0.7759897168029718,0.7735431864401607
408,907300,0.8384009905566241,0.8228055123753997,0.8201804565391765
409,908119,0.872339448825714,0.8903353089541008,0.8900545950487525
410,908152,0.8038749249598389,0.8001752503467995,0.803250587235076
411,908156,0.8672112996390121,0.8765867444500024,0.8767458927597827
412,908158,0.9070373521058158,0.9201839703432325,0.9188124779796207
413,908464,,,
414,908467,0.8788688899642892,0.8817274816368625,0.8802424227186674
415,908469,0.8533281505656118,0.861110830336979,0.8614336683900107
416,908473,0.8074697562093588,0.8117602387147376,0.8100411996213719
417,909702,0.9017406626265951,0.9109446625821884,0.9109802845852418
418,909740,0.9084193804624946,0.9080388538889711,0.90827846018197
419,909762,,,
420,910695,0.886013381204059,0.8981182996841618,0.8985772825076587
421,910780,0.8787008790997418,0.8905771498756897,0.890085063530625
422,910920,0.8447944736454357,0.8700276034833003,0.8695011354800356
423,910932,0.8929195144837255,0.9061197133007681,0.9056954780958528
424,910937,0.8699758728319695,0.8712955987911049,0.8704434039367687
425,924106,0.8772753533425919,0.8863223347336258,0.8868152235765745
426,924187,0.8704238930485763,0.8880725820319737,0.8873717269244285
427,924189,,,
428,924244,0.9095587914178713,0.9064593560084674,0.9071523339583617
429,946353,0.8413797062463811,0.8520624405500015,0.8541530724258373
430,946357,0.894903661433814,0.8756451213981203,0.8748349516021422
431,949158,0.8480254786721031,0.8807392456444973,0.8800765161001269
432,949167,0.8750610065021532,0.8999333741199588,0.8991800342116519
433,949179,0.85890823608769,0.87147397077686,0.8756939653833306
434,1240166,0.8378321427361312,0.8328855410844612,0.8262891704067639
435,1303900,0.859158729745469,0.8828084213932111,0.8810074736851422
436,1327775,0.8870959173412597,0.9106153873871664,0.910970594763339
437,1327776,,,
438,1330986,,,
439,753533,0.9271920679342383,0.9265369204982303,0.9238589163389511
440,909732,0.9065867449375827,0.9157017871077349,0.9178710492841716
441,909759,0.8826255676239758,0.8982009549335193,0.8994213843086692
442,910779,0.8932262237801138,0.8937958061799921,0.8941324339217621
443,946354,0.8861597305246646,0.890823943842849,0.8921482054130874
444,949092,,,
445,906807,0.8613161956614236,0.8855884117249277,0.8872524643628512
446,908146,0.8477637344609651,0.8437040062658803,0.8457530963942568
447,688022,-0.9999999999999999,-0.9999999999999999,-0.9999999999999999
448,924241,,,
449,683667,0.8320719913018375,0.8530911162904607,0.8480807219941252
450,684052,0.8656283245275503,0.8287261165524238,0.8369525934557687
451,687452,0.9049512491806739,0.9022642176016731,0.8954039488216324
452,687455,0.8061314823091429,0.7847874758583085,0.7678250054749155
453,687457,0.7651864168504255,0.7932566279757006,0.8020603884281134
454,687459,0.9174614978899932,0.9212563916676656,0.9289730256033152
455,687505,0.8617384582749964,0.8664096133645579,0.8633933162432642
456,687506,0.8761539803534069,0.890214522020333,0.8953164017474632
457,687514,0.8766668016621046,0.8801397267785422,0.8634211021823531
458,687561,0.9069750480447283,0.9244492102617384,0.9235626714515192
459,687563,0.9035771093678271,0.9063179685409632,0.9122050541973765
460,687586,0.9107657024571807,0.9295819848575452,0.9294807676310772
461,687588,0.8720510895964587,0.8879522685364967,0.8897747685827562
462,687592,0.9208933941855441,0.917676489697003,0.9216751125316305
463,687596,0.90239336420884,0.9061471291278207,0.9111982217967078
464,687777,0.8886080809636524,0.8810534895501334,0.8871778816564079
465,687780,0.9113526093575564,0.904635648228977,0.8981316951667071
466,687787,0.8656237088173032,0.8705386070967864,0.874992288075104
467,687794,,,
468,687798,0.8789585923247519,0.8860370185019427,0.888580852933975
469,687802,0.8317945270522021,0.8252713231128802,0.8250252863453424
470,687812,0.8915412509492556,0.8754278717289341,0.8620261765169919
471,687815,0.8971678947069679,0.8852664302772204,0.9037073873942808
472,687816,0.8585885480879473,0.857983688918639,0.8561610734151089
473,687819,0.8389956193813896,0.8401554899704813,0.8564166520998849
474,687820,0.913455391524464,0.9207648924614553,0.9268486693149428
475,687821,0.9023839135958118,0.9067603133334607,0.9061179168068287
476,687829,0.9109621767900817,0.9186022661829252,0.9150430038395323
477,687985,0.854644012661237,0.8594923917328242,0.8576415245443406
478,687995,0.8881951897700413,0.8936125639469998,0.8911637876557099
479,688011,0.9019544019903764,0.9099194070504923,0.9070215240400425
480,688058,0.8887726594520555,0.889096133624416,0.8909016171587606
481,713880,0.8578628716535931,0.8785184826491144,0.888362767732658
482,713899,0.8956468258001401,0.9143499830650406,0.9161957089594533
483,717431,0.897360169138706,0.8997359871958537,0.901689774261297
484,722045,0.9142901448915294,0.9225593396637713,0.9130211373049769
485,722046,0.880743442023499,0.8847483659690517,0.8978454012038912
486,722058,0.934905391688313,0.9301385306013179,0.9286589578607324
487,722066,0.8900612081693579,0.8842113114621573,0.8770216474674634
488,724812,0.8927672240584458,0.90029048847201,0.8979101569229782
489,724828,0.8375201522855211,0.8344661003813499,0.8224383854893794
490,724834,0.8485716800956312,0.8582653739577528,0.8577048990127941
491,724838,0.9044369355780457,0.9108185176279829,0.90209830192595
492,724839,0.8415834956608534,0.8563582657164995,0.8576708337044493
493,724855,0.8477200849140415,0.8479555514607712,0.8439984216392984
494,724858,,,
495,724868,0.8888855984838996,0.8979009290434476,0.895196713763374
496,724869,0.8825602465984349,0.8839877017924881,0.8816906326489888
497,724870,0.8423089154905217,0.8428294347497718,0.8503642135371294
498,724873,0.8604075013927678,0.8638262681722275,0.8738479822843603
499,724874,0.700441867208626,0.6852604495885549,0.6957886420488637
500,724878,0.9042452494498592,0.886367051527151,0.8911382270464013
501,724879,0.889945741638068,0.8865133047006943,0.8933158691440607
502,749709,0.8253232060716666,0.8474041257995378,0.8476064846326234
503,749710,0.8917552046378506,0.8754879191156452,0.8674742759014882
504,749712,0.8797491623991329,0.8860130694552734,0.886269534165009
505,749714,0.8850241708608128,0.8982023876309025,0.8886190169858118
506,749717,0.8771302316094145,0.8880795117788026,0.8862831037939178
507,753534,0.8704924750385914,0.8706019826152452,0.8731232335271448
508,753535,0.9278798482073771,0.9234424401595738,0.9155036734619806
509,753538,0.9391929841854341,0.950065546028756,0.9504437016685864
510,753540,0.8683834343398095,0.8464231724188315,0.8363869317907432
511,753541,0.9436187663556815,0.9443402326650321,0.9404485407570211
512,753545,0.8115634998247964,0.8701240976446238,0.8691566977593046
513,753553,,,
514,753554,0.9155186040192018,0.9182915837379326,0.9223088724486739
515,753556,0.8682838917048334,0.8712441892272103,0.8590390530945708
516,753561,0.9301540372745505,0.9279050615712825,0.9289655446313614
517,753562,0.9264343049167661,0.9198956651886242,0.926306913980249
518,753566,0.8890364739659623,0.8926360570643115,0.9072585581975481
519,753570,0.8766395969203206,0.8900320896605786,0.8919802864915467
520,753572,0.8629417319185756,0.858143862732309,0.8610073485948242
521,753573,0.79310208104634,0.8049142069872343,0.7953274250442477
522,753574,0.9303239264373918,0.9379290085270108,0.9381308040265006
523,753575,0.9023636482406511,0.8897036587981028,0.8800548208333554
524,753576,0.9218907959951388,0.9158361935174433,0.9203495936282317
525,753586,0.8441252825554733,0.8341944334025214,0.8314673926697613
526,753600,0.822905030127082,0.8427125270119299,0.8245568430906227
527,753601,,,
528,753604,0.8248415754123996,0.8403801170627391,0.8373931131978372
529,753608,0.8890180698593617,0.8896207720381356,0.884322586643109
530,753610,0.8951718402184279,0.9020714964356239,0.901169479779973
531,753624,0.897644930185106,0.8956815593438489,0.8871887093834759
532,905933,0.7175462438259533,0.6756838695640414,0.6870782429914966
533,905934,0.8319168495251678,0.8270101419833394,0.8236999658178799
534,905935,0.8251644603333838,0.829290454702419,0.8346770689489118
535,905936,0.8831725236220335,0.9080004790219545,0.908473258290691
536,905937,0.860899763084248,0.8573378721873002,0.8568612158932859
537,905939,0.8979509580803433,0.907947391930768,0.9069677681061736
538,905943,,,
539,905944,0.8596237574174593,0.8546059838035787,0.8569809657200164
540,905945,0.8132051518711055,0.8490389324550754,0.8480665319528705
541,905946,0.7346145801779941,0.7011960192339766,0.7076281319797303
542,905947,0.8653282693904036,0.8628800760629978,0.8627586566964258
543,905950,0.9295602902066291,0.936891708891662,0.9347817559732007
544,905954,0.8464163911267729,0.893803446556098,0.8919382416266987
545,905957,0.8466558757876237,0.8709743070492624,0.875489451852771
546,905959,0.9008433660741699,0.9073335833550914,0.9059733545612387
547,905960,0.8613219304073736,0.8886826840359107,0.8918061229864984
548,905961,0.8740551122522457,0.8922801525900128,0.8924709338119539
549,905962,0.9047147604610255,0.9221814032487788,0.9224114944231027
550,905963,0.8980437882086169,0.9082747143508239,0.9074909943599989
551,905969,0.9188768985336069,0.9172190694822971,0.915415947547839
552,905973,0.8500546904195667,0.8788941952003708,0.8824806667670398
553,905975,0.8285545463970002,0.8645060820280406,0.8661354644908509
554,905976,0.8700590999387892,0.8822316934525917,0.8827773652198577
555,905979,0.899884113448719,0.9072212770576716,0.909281351616182
556,905981,0.870080298569574,0.8647429146427787,0.8655895856081056
557,905983,0.8834444868088916,0.8967396603474592,0.8974678726837233
558,905985,0.917165589177076,0.9212243773390991,0.9235745327928027
559,905991,0.9139547983143839,0.9150775104840612,0.9153512899336307
560,906693,0.9041733860057465,0.903502972126343,0.9039143895248046
561,906696,0.8207014024552781,0.8487584873069802,0.8483800860140486
562,906790,0.9191537226606004,0.9149911189290016,0.9171201645001206
563,906791,0.9065135634796266,0.8990372380377676,0.8963749249407098
564,906792,0.895904177189545,0.8785136383630703,0.8806841670365713
565,906793,0.8789020662995677,0.9005499644160182,0.9012149630859123
566,906795,0.823384436169758,0.8311358540550685,0.8341122989655175
567,906797,0.918553589374794,0.9196439488403572,0.9218578736245325
568,906798,0.8703706176293493,0.8697273234505775,0.8698250187490962
569,906801,0.8956805613949329,0.9166611503510075,0.9165821394816563
570,906804,0.827181939322234,0.8358524791007012,0.8340242261265084
571,906805,0.8393530862267201,0.8275740345924919,0.8225289983680976
572,906814,0.8203830502689817,0.7852083729835095,0.7844900039774386
573,906815,0.8849384141832463,0.8884569946750087,0.8891068201664136
574,906817,0.8429654183783036,0.8461650707561383,0.8475209153772467
575,906818,0.8796078112106739,0.8826989546621951,0.8854429482143756
576,906820,0.8142377624434621,0.8179130704414169,0.8198845000188639
577,906821,0.9014809298638633,0.9033099879527697,0.9044805374979487
578,906823,0.8293811271150966,0.8406209001693524,0.8431997172575171
579,906824,0.8785013787891622,0.8749665465209752,0.8717651328261729
580,906825,,,
581,906826,0.8923801074010312,0.9000277744928564,0.8988240185393673
582,906827,0.7828795839051428,0.7771629912466671,0.7841785158990359
583,906828,0.9073004045192036,0.9146648229226035,0.915942283824012
584,906830,0.8016343977416978,0.8491506368618881,0.8491228755006502
585,906833,0.9085064635455534,0.916650847464386,0.9174626614575843
586,906835,0.9239607492389916,0.9257260812767008,0.9248233982900373
587,906837,0.9268453519358577,0.9241131066853703,0.9263808761152825
588,906839,0.797063050839626,0.8055438131320842,0.8051693116239436
589,906843,0.9047681290926275,0.9143965782989021,0.9145004216186587
590,906848,0.8986017712228714,0.9100540920102473,0.9103209445479679
591,906851,0.8491197130556013,0.8671414194109069,0.8665771749276696
592,906852,0.9107205981275465,0.9028621223298362,0.9025679359460169
593,906853,0.9003405754948156,0.9014004697990315,0.9016376982194764
594,906863,0.9240491608884365,0.9140880525291739,0.915896123938812
595,906864,0.8026867727717933,0.8160308158308995,0.8185673852032574
596,906865,0.870053370527922,0.890444490648615,0.891582670870935
597,906868,0.892557008909189,0.8898504823307216,0.8886070129131886
598,906873,0.8817564868377861,0.8767025819846406,0.8786370669958431
599,906999,0.7967282475273382,0.8084322407301411,0.8111807964705148
600,907000,0.8736950683152241,0.8825076931686469,0.8823865077641148
601,907042,0.9215216517548079,0.9276090037661517,0.9283242862546328
602,907045,0.7831485960503893,0.8389397100715418,0.8357781112399849
603,907046,0.8634807340291649,0.8665263529158719,0.8667313516279659
604,907047,0.8913992222773324,0.8858187396574124,0.8849735351707835
605,907048,0.8573901242887985,0.8734165988444579,0.8719449291321575
606,907051,0.9077811815289634,0.9133990945784831,0.9160470893257621
607,907055,0.9087239734088138,0.927809784514519,0.9281955698266691
608,907057,0.8516871834603025,0.8625297632579506,0.8627192134648827
609,907058,0.8982878038542608,0.8939085706572067,0.8946372764608717
610,907059,0.7898689742860074,0.8218952123281714,0.823357257708046
611,907060,0.8063307663223658,0.7982586325544911,0.8040176360615995
612,907061,0.9056421120727903,0.9160048403566534,0.9176733707841311
613,907062,0.8491352122002392,0.8612572531546365,0.8626199712432351
614,907064,0.8971753481658489,0.9208153385188271,0.9238073781141602
615,907065,0.8678110657088663,0.8855697951374187,0.8890992485989966
616,907066,0.8048966493176145,0.8189172481485807,0.824334819958216
617,907068,0.9263375597884417,0.9272889908841958,0.9262555187544449
618,907069,0.9106262690951975,0.9215316916247247,0.9219985132331123
619,907071,0.866923962271694,0.899834920456156,0.8999815496881949
620,907072,0.8261332765386495,0.8440052310815933,0.8444039968016185
621,907169,0.8367342036165238,0.8506788195343011,0.8523362003922427
622,907171,0.9000114911303904,0.9030229887641553,0.9020370180086166
623,907176,0.7417163429610382,0.7713864686588672,0.7796122358242086
624,907285,0.9311179509604787,0.9297181341470482,0.9271009342381149
625,907286,0.864651159800682,0.881873787940819,0.880315020664147
626,907287,0.824914651627571,0.8236099760070565,0.8256907588884352
627,907289,0.8113530086200731,0.8189799232364315,0.8203482378957985
628,907291,0.9224545681128541,0.9183508864715655,0.9163957415976413
629,907295,0.7585621087442995,0.7448277598892652,0.7480181989373291
630,907298,0.8692679154531291,0.8793171473317665,0.879710785011843
631,907299,0.8741050555809147,0.8907222065514583,0.8906227026534311
632,907312,0.819322715255358,0.8359671881946742,0.8368102316507012
633,907317,0.8937744087693773,0.8976161550603443,0.8985628333896044
634,907318,0.8963040139716306,0.8989941896213731,0.8983289922660743
635,907319,0.9180213683571224,0.9140533486281803,0.9139326683587383
636,907320,0.8694651657503053,0.8701939250079217,0.8698408578185699
637,907321,0.9244864217963398,0.9232306443900751,0.9255254568521964
638,907790,0.8629501520896931,0.8847069250658478,0.8887578736344838
639,907796,0.9233766085396903,0.925672411549521,0.9278767431711932
640,908118,,,
641,908120,,,
642,908121,0.9021150144874666,0.914556345953491,0.9153535771380721
643,908122,0.8103701148022048,0.8676685347356876,0.8653259167843912
644,908123,0.8714382315540946,0.8907545883886537,0.8876598239049931
645,908125,0.8914467880077139,0.8795830425717568,0.8787186873311248
646,908127,0.8449264499128115,0.8355220534550353,0.8381693022130062
647,908128,0.8449376250986078,0.8588898181960194,0.8618213216430268
648,908129,0.8109327939452222,0.8362085000014814,0.8372647118759182
649,908130,0.8951600118763684,0.9048791613010594,0.9065391485211759
650,908131,0.7519799144676617,0.7377516972978393,0.7458588108059822
651,908134,,,
652,908138,0.9290485491517351,0.9325751180066358,0.9312743344126153
653,908139,0.9004942337674686,0.898181647304229,0.9005324846807132
654,908144,0.8625977007110123,0.8708948758861293,0.8674539329453566
655,908145,0.9157808260236803,0.9246117711661629,0.9247021192408106
656,908443,0.8166541887120858,0.8446489861152636,0.8425280168814875
657,908455,0.9045187315018698,0.9113159211226526,0.9141765144379626
658,908459,0.8740608077497236,0.8716697226448934,0.8704195703393472
659,908460,0.8662656731816434,0.8513100315358,0.8564616285007095
660,908462,0.7789987116903428,0.7834021469828073,0.7896185196916279
661,908463,0.8947176147291683,0.9006457808028846,0.9013283614391326
662,908465,0.8552557254093807,0.8789941642879152,0.8767025636120082
663,908470,0.8840232284502305,0.8742310997921996,0.881323287962726
664,908472,0.844896734158752,0.8538841201276505,0.8521654886938043
665,908474,0.8685342081758163,0.8670588305493739,0.8664217627284322
666,908475,0.7450511784892536,0.7390236678259337,0.7372024289666218
667,908476,0.7764546166618423,0.7832740888345716,0.7819576007824383
668,909251,0.8855564280921508,0.9041133216342666,0.9048044634512109
669,909255,0.8765069293781034,0.8830721131000016,0.8826386722732916
670,909263,0.8589342529972025,0.8542925700726686,0.8588152925006934
671,909264,0.9208116278998554,0.9221888617989401,0.9203014458380806
672,909699,0.8680942303677778,0.8804147089072707,0.8778322954513935
673,909700,0.9321970474258651,0.9363528841587939,0.9365993764807757
674,909704,0.9019342097293196,0.8913597313509158,0.8928580401172517
675,909706,0.8639200156880203,0.8859485033360339,0.8855476164491912
676,909707,0.7666433041140215,0.7705730614930243,0.7704305345618049
677,909708,0.8968593355850595,0.9050701424588466,0.904930976240647
678,909709,0.8064658856708197,0.7949374031310881,0.7927541963831269
679,909716,0.8893798419609439,0.8806534690310137,0.8809967765633249
680,909718,0.7943712642135412,0.7761244109021939,0.7798212774135858
681,909719,0.8529218924594425,0.8991136825857655,0.9012268391000992
682,909721,0.9142117948711772,0.9124710324295078,0.9121502436136584
683,909724,0.8395258850915224,0.863863599352296,0.8635200220962191
684,909725,0.7794980942280322,0.7938836676418679,0.7951715697658498
685,909726,0.9018543412950735,0.9078616245443297,0.9057648188045119
686,909728,0.8992932069136792,0.9051448241840703,0.9043494587298423
687,909735,0.8638800825505781,0.8765172408931432,0.8777711110953271
688,909736,0.8772613863569914,0.8756371870794534,0.8683464935762314
689,909737,0.8899114945004363,0.8721477943156517,0.8679475105281164
690,909738,0.8701962837353396,0.8673502985687728,0.8672973084683911
691,909739,0.7775521293817086,0.7665039800764787,0.7598024960830266
692,909744,0.7620136402188319,0.7778641988351819,0.7817154736314452
693,909745,0.8749297057695086,0.8849825336852222,0.8855841831324398
694,909747,0.8785429240758977,0.8925877821287509,0.891997050161146
695,909748,0.7893557855038575,0.7883699874074414,0.792931641200478
696,909749,0.891074525864064,0.9045809045585983,0.9046689896370409
697,909750,0.9004582361258068,0.9054674390684336,0.90704450689278
698,909751,0.8956874876454367,0.8987450367443146,0.9007720502817309
699,909753,0.8941483880162886,0.8952176084151873,0.8948137075417468
700,909755,0.9026697114392873,0.9155812073995826,0.9129105297777814
701,909757,0.8110070749626904,0.8271731084839541,0.8238386618371012
702,909761,0.791733294289933,0.8107473633446186,0.810082504655886
703,909770,0.8524391243879943,0.8407883672622425,0.8428490413429982
704,909774,0.8852640509553112,0.8731847485773503,0.8750367749811975
705,909776,0.7894429766758795,0.8019566827616962,0.8036536073389051
706,909778,0.8067898227001493,0.850428364329085,0.8494864915052944
707,909779,0.9007717052478574,0.8996825042788882,0.8963514689783851
708,909780,0.8766622574207649,0.8809375027126025,0.8836675568435333
709,909781,0.8905579440741346,0.8967774610514101,0.8922020770340033
710,909784,0.743747305969297,0.7460862736647723,0.7398398863139014
711,909904,0.8843074206303791,0.8894935749141291,0.8902962779152485
712,909977,0.8498122132081685,0.8815567611994444,0.8815531888437615
713,910079,0.8224853674943059,0.8149363418440745,0.8250878433297155
714,910399,0.881625962718134,0.8930720057847148,0.893058203493334
715,910548,0.9307210532095651,0.9294351546917848,0.9297325691727198
716,910549,0.9003143068444524,0.8994712334130959,0.9001124693492336
717,910689,0.8876716898103401,0.8915883098437825,0.8931514346607274
718,910694,0.8801947041166428,0.8928770131328253,0.8933088268260069
719,910698,0.8982238531832946,0.9166965152680736,0.9223292728796412
720,910701,0.8926474484070704,0.8745234110512509,0.8714523365211703
721,910702,0.8434899269201472,0.8675175140020883,0.8670456567725958
722,910704,0.8722385777194273,0.9038639540761241,0.9052763982104479
723,910781,0.8927962951221894,0.9107748797850209,0.9110573290507268
724,910784,0.880050347300505,0.8892347293423132,0.8890698253022864
725,910849,0.816841584166467,0.8222485414816518,0.8282801589430986
726,910850,0.825523726081316,0.84024319935798,0.8484809595145143
727,910851,0.8873849603736972,0.8891184908064712,0.8897085821527745
728,910852,0.8515708262524021,0.851597618951929,0.8511647680062409
729,910853,0.8826201511674426,0.8805849204188203,0.8810904985130396
730,910900,0.8534166725853229,0.8652336464294071,0.8709235180006856
731,910903,0.9080452784410172,0.8941424505208708,0.8920136661329149
732,910904,0.9184963288706238,0.928536954139762,0.9281364391704843
733,910907,0.8495311609248427,0.8511512010130641,0.8518798434638715
734,910915,0.8384657571529405,0.8451199123371377,0.8448039238327003
735,910916,0.8980958303020719,0.9052823624477444,0.9059194111667219
736,910922,0.8958432930147128,0.9052809107785484,0.9022428720315977
737,910924,0.9082533534480574,0.9047463946321508,0.9039694514168252
738,910925,0.8872129865664162,0.8734087718293216,0.8731533477136343
739,910926,0.9299697920221248,0.941668409977085,0.9417921761266833
740,910927,0.8427657894112343,0.8533808984946344,0.8567233336831452
741,910931,0.8869849256710997,0.8904104365020815,0.8902140282835306
742,910936,0.8609876042017758,0.8725864485994579,0.872874519463677
743,910946,0.8692271202529094,0.8687707538484084,0.8703031515168552
744,910952,0.8645275074791716,0.8702911217916387,0.870445265966438
745,911905,0.8893960309732738,0.8967687755154019,0.8974100131695948
746,924100,0.908393772487193,0.904064176735063,0.9023890419626819
747,924102,0.9226672836664046,0.9134253495127157,0.9110201800423866
748,924104,0.9297621823484364,0.9305328777282836,0.930585365495356
749,924105,0.8556903750414175,0.8655049137662575,0.8651894051864045
750,924107,0.9214727413905643,0.9258162502906101,0.9259865379181637
751,924108,0.9028374975491238,0.896065303440616,0.8974391268086092
752,924109,,,
753,924111,0.9392535440096034,0.9447615200155141,0.9449149930311587
754,924151,0.8628724156601488,0.8697040355153602,0.8672510537317111
755,924240,0.8463162792562217,0.8569248166255369,0.8620530914200825
756,925338,0.8837577986812793,0.8728007819787511,0.8720989611195432
757,925340,0.8902548922523755,0.8883678070866039,0.8884585160321284
758,925341,0.8890031405353342,0.8633976427469655,0.8622168524400123
759,925346,0.9313952498835304,0.9422635531272522,0.9419783598954267
760,925347,0.858015913088691,0.8480939098333427,0.8449292790957985
761,925348,0.9172308003583439,0.9265981089939753,0.9250138546104184
762,925349,,,
763,930083,0.8791886374510811,0.896595308106942,0.8983083266421586
764,930297,0.8255233471587439,0.8232509453266962,0.8230410057220244
765,930298,0.82166760230951,0.8261904186929183,0.8254503106407096
766,930299,0.7875764723851683,0.7753161376379913,0.7753538929548118
767,930301,,,
768,946360,0.8531104114382121,0.8579672922311352,0.8572053428127929
769,946361,0.8648386776814525,0.8713431749703245,0.8701379520286325
770,946382,0.8872943758812044,0.902064986940658,0.9030750313428045
771,949090,0.79218389820024,0.8207018091898197,0.8189018446563149
772,949093,0.7414495422550379,0.7648665006297886,0.7627758070564612
773,949094,0.8902925732660056,0.8902643981486342,0.8898558589467485
774,949160,0.8649767428152162,0.8709750953505975,0.8708325570694523
775,998189,0.9018586404731858,0.9013283289466807,0.9011188366993953
776,1240121,0.8686155387136919,0.8769243769659032,0.8738588436132526
777,1240122,0.9192927754450412,0.9348594682433263,0.9319880564069019
778,1240123,0.8263522334506953,0.8271378658998102,0.8292015037516866
779,1240125,0.8061407453088567,0.8368996683932874,0.8382678538536885
780,1240127,0.8587882207980191,0.8672199943232685,0.8781695225842537
781,1240129,0.8472138991693982,0.8428264418551207,0.8498002900736215
782,1240130,0.8811089353853121,0.8840961004186142,0.8901065509813896
783,1240131,0.8854611359437938,0.8961284346551831,0.8966723162036668
784,1240132,0.8754295707158001,0.8751179180721427,0.8737371237203824
785,1240133,,,
786,1240134,0.7420258861499088,0.7498655355581293,0.7640366961669964
787,1240135,0.8682075467743696,0.8758576221749403,0.8734433006355887
788,1240136,0.8606977797310921,0.8587416298636111,0.864686257764092
789,1240138,0.8470419389544485,0.8314872815765356,0.8398012330573085
790,1240139,0.9140070227201156,0.9192205582086812,0.9227290944051675
791,1240140,0.9074041412123328,0.9195560727584824,0.9198423320316308
792,1240141,0.8170206525299797,0.8010622560714511,0.7993348624608696
793,1240142,0.9051285834701851,0.9146347550241164,0.9191958966425569
794,1240143,0.9019168973946837,0.9108349006211738,0.908433249556388
795,1240145,0.9126397790631154,0.9118623277352651,0.9152058382041321
796,1240146,0.836842398525605,0.8267777518899032,0.8264838757182907
797,1240147,0.8595805474615399,0.8778190277417534,0.8737488986788653
798,1240149,0.925231943669725,0.9394022313978901,0.9383470346861582
799,1240150,0.9110524234812029,0.9137371964038364,0.9126150240859119
800,1240153,0.8331433293387724,0.8729524513004934,0.8687884734711845
801,1240154,0.9080484286125703,0.9143190898018834,0.9096008793293708
802,1240155,0.893818764441878,0.89558020428496,0.8984821017891561
803,1240156,0.8878456127215131,0.8830646814095445,0.8820698457428504
804,1240157,0.8602263242407061,0.8298704726961657,0.8359068808104855
805,1240158,0.8246192069695983,0.8295104279660502,0.8276173680935969
806,1240159,0.8699193160977547,0.8887832978216469,0.8809442164356668
807,1240160,0.8971729689989403,0.90555912639241,0.8990067897140191
808,1240161,0.9327081459480142,0.9378959053860702,0.940882652294493
809,1240162,0.8813336425261213,0.8875965731900769,0.8833479809086703
810,1240164,,,
811,1240167,0.9111426917647951,0.9242371896692312,0.9243489231587366
812,1240168,0.8956586923486953,0.9197864091406559,0.9096857466393995
813,1240169,0.9155166567958714,0.9193434499265637,0.9127662042833405
814,1240170,0.9142168014023193,0.9143912832772085,0.9098179261758752
815,1240171,,,
816,1240172,0.8874647245987892,0.8975365330367491,0.8940153428726612
817,1240174,0.8741539590599964,0.8723903804909114,0.8624729218834012
818,1240178,0.8917389637516647,0.8891893565631225,0.8907546788137939
819,1240179,0.9293705514994802,0.9312937752083597,0.9253899702461633
820,1240184,0.8854811328426114,0.8949644319971849,0.8980192252151246
821,1240185,0.8835394952061515,0.8674490861907795,0.873028630203131
822,1240186,0.8013367524898207,0.8057635061677428,0.8228337475746696
823,1240187,0.9001060478305383,0.9111818656713004,0.9057856476204993
824,1240190,0.8999865690533024,0.9121326820245194,0.910504950013513
825,1240191,0.8152807680451941,0.8062852723443183,0.8107579053123671
826,1240192,0.8973397550737996,0.8973758193154862,0.8979956734694743
827,1240196,0.9311653571987342,0.9348059881671889,0.9315470362518787
828,1240197,0.9032463763298836,0.9080881061827469,0.9089454710361807
829,1240198,0.8700167183156541,0.8669721264684939,0.8717466379483658
830,1240199,0.7302379555934332,0.758486137262746,0.7709523349011997
831,1240200,0.8680130843390741,0.8754769083702059,0.8774405085341077
832,1240201,0.9320109355056535,0.9361390471871226,0.927880319914956
833,1240202,0.8518003828353699,0.8634220726918127,0.8647867385635772
834,1240204,0.7813152436823317,0.7841490788286752,0.7783340209226993
835,1240205,0.878633456497826,0.8766391418404299,0.8736760128275034
836,1240206,0.8762540179489772,0.8843419338559909,0.8912582168321143
837,1240207,0.8793862353823392,0.8857937590556549,0.8796011504908834
838,1240208,0.8899350826001111,0.8882119580002229,0.8854295792858298
839,1240209,0.8283681712687411,0.8271633836008588,0.8351596344589125
840,1240210,0.8550882390396968,0.8500227880460861,0.8441718754801641
841,1240212,0.9342561979714535,0.9275927939101906,0.9235493129331717
842,1240215,0.8871623582795038,0.8983293002927619,0.8999705231495295
843,1240216,0.9077729865994265,0.9076904912082998,0.9093548829544656
844,1240217,0.9096728781516527,0.9028610437244935,0.9064925571750156
845,1240218,0.9091543603783829,0.9092915038932773,0.908730684877013
846,1240219,0.8555327559460124,0.8557617637813221,0.8631422752736478
847,1240220,0.878373529833578,0.9132378736294309,0.9070591213995548
848,1240222,0.7737544679902647,0.7659904779589198,0.7631763274133735
849,1240223,0.8777907105338444,0.8845944128681448,0.8888908566344146
850,1240224,,,
851,1240225,,,
852,1240226,0.8822769385207088,0.897150735030761,0.8922816962501343
853,1240227,,,
854,1247873,0.8861687725104707,0.8953160352298934,0.8902096034378746
855,1287381,0.9193061029507898,0.9272285576613064,0.9229204859969513
856,1287706,0.8944767707594535,0.9167903555737339,0.9176587134251105
857,1290722,0.8616438920496062,0.8758211053642779,0.8600911311073735
858,1290724,0.9043489709693873,0.908530673486077,0.9006729116947155
859,1290725,0.9324226580928952,0.9395692131950086,0.9326223683601511
860,1290730,0.9130912390779985,0.9189219120020397,0.9124523835641113
861,1290765,0.8136153274825172,0.8298226149103205,0.831607078783567
862,1290767,0.8378708258943794,0.8499882708003541,0.8525395311886257
863,1290768,0.8350906201900498,0.8355148146399338,0.8428678791474908
864,1290795,0.8815046150506516,0.877312985000377,0.8826505905826615
865,1290797,0.8738275006587076,0.8687937552700186,0.8697383894502557
866,1290798,0.8427010295225018,0.8414030295819133,0.8301107080431055
867,1290806,0.8873220149618707,0.9143998595238935,0.908714458839561
868,1290807,0.7869436313884839,0.8065290266678072,0.8051794491638595
869,1290808,0.9015135831836222,0.9101630998020219,0.9064777871165257
870,1290809,0.8957607325003761,0.8990538588510624,0.9012586042635723
871,1290810,0.9056925383689892,0.9118448741502504,0.9076627089670546
872,1290812,0.8974024905714583,0.9123868588273031,0.9111763599524692
873,1290813,0.8317875794222896,0.8327411915365022,0.8386472448891804
874,1290814,0.8481790004883857,0.8722558743850454,0.868033918276347
875,1290905,0.8633836230986004,0.877153826274548,0.8768129528756933
876,1290906,0.7843405060618308,0.840643094538487,0.842299686541104
877,1290907,0.8745624418508277,0.8956308374274745,0.8966564624891872
878,1290908,0.8753681672573698,0.8870885409839088,0.8851668416292714
879,1290922,0.8988541634872569,0.900907021649122,0.9024854206019518
880,1295743,,,
881,1298134,0.9206525009467191,0.9292050942862108,0.9206441974580399
882,1298136,0.8457229016775588,0.8501306751740558,0.8513436086637798
883,1298141,0.859680244248147,0.8727704886082935,0.8655502862412442
884,1298144,,,
885,1298145,0.8009194440375157,0.7862804623405105,0.7802519517743036
886,1298146,0.7506160163545198,0.811407215117256,0.8044601040392594
887,1298151,0.8482673561925885,0.8547417584700929,0.8645220773375645
888,1298156,0.9242442962537372,0.9194838024479435,0.9140847858165677
889,1298157,0.94174527782042,0.9479145154257183,0.9424564193858096
890,1298159,,,
891,1298160,0.9024095908363599,0.9246570170495784,0.9196980186070716
892,1298161,,,
893,1298162,,,
894,1298167,,,
895,1298168,0.8808552503043967,0.8895084553970489,0.8880595599819994
896,1298169,0.8864786194358455,0.8964569617606416,0.8932125091688773
897,1298215,0.8612140984201238,0.8824804964070408,0.8726094058581553
898,1298216,0.8333354691736286,0.8162903010143665,0.8095019636951254
899,1298218,0.8815369721897897,0.900650288638866,0.9004657167087927
900,1298219,0.9122070605698248,0.9149816157558285,0.9206140818630375
901,1298221,,,
902,1298222,0.8585674164412864,0.860968704958918,0.8591920290614796
903,1298223,0.8620291434288188,0.8669166706500057,0.8748332021805668
904,1298226,0.9058705256426678,0.9123794653601102,0.908748934546666
905,1298234,,,
906,1298347,0.8101985504548364,0.8326930717382458,0.8233246118600116
907,1298348,0.8495526986176171,0.8508803891328935,0.8358860813312965
908,1298349,0.8447595330640535,0.8484741761233362,0.8528503772760045
909,1298350,0.8366948117764428,0.8162684652289193,0.8039538622422762
910,1298351,0.8595892449625989,0.8502526233950797,0.8624071126679559
911,1298353,0.8464567540983933,0.8594927301647168,0.8594883838045136
912,1298355,0.9093726674235554,0.9172939597542287,0.9098753778636334
913,1298356,0.8518901560951516,0.8427638694342955,0.8435801624282956
914,1298357,0.7816013685501187,0.7922244885752303,0.7972401367694916
915,1298358,0.8345367975984574,0.852208067293722,0.841154007227628
916,1298359,0.8920235049901974,0.9024832272052922,0.8931311730063125
917,1298361,,,
918,1298362,0.9399512733913555,0.9347339049063488,0.937141382785413
919,1298363,,,
920,1298365,0.9269647655569695,0.939224456018737,0.9402313355395514
921,1298475,0.8866096233025428,0.8879609877999656,0.8939456814154545
922,1298476,0.8917234412816986,0.900329906208811,0.8918052095125255
923,1298526,0.9104003386929432,0.9160154814190539,0.9141030820514081
924,1298529,0.832453513701125,0.8452411409277178,0.8442087991007616
925,1298531,0.9396242679883939,0.9423760068194657,0.9473716381413928
926,1298533,0.9167441775385561,0.9137088059904062,0.9075465557953449
927,1298537,0.9139570451300563,0.9119791368438959,0.9097803339571158
928,1298538,0.8377554687919708,0.8304594386936637,0.8361206021619426
929,1298539,0.910181853940447,0.9011759894171528,0.9064458340240281
930,1299050,0.8164212063033863,0.833545301649193,0.8355874161406818
931,1299051,0.9246442901426944,0.9310799805086654,0.9268445211464621
932,1299052,0.8571379846637861,0.8651481563168307,0.8714728737331623
933,1299059,0.8536336083161868,0.8575027063518764,0.863539985464532
934,1299061,0.8695917110287393,0.8520460968493174,0.8385178639299592
935,1299062,0.8653210247798179,0.8526362398300574,0.8634902967537841
936,1299064,0.8941033278156099,0.8906209531111381,0.8852754354909244
937,1299067,0.9406494321211993,0.9493657752659881,0.9476220295520196
938,1299069,,,
939,1299070,0.9273257449806814,0.9275348244568775,0.9306013234410877
940,1299073,,,
941,1299074,,,
942,1299077,,,
943,1299078,0.8601143242722031,0.8519966713923374,0.8509265843010726
944,1299080,0.8891072773203326,0.8943968723652843,0.9010321106367561
945,1299081,0.8938268517822049,0.9071659603947972,0.9021170565814255
946,1303910,,,
947,1303912,0.8021758162335112,0.8124987146259566,0.8122564062953298
948,1330941,0.8854519499258281,0.9011008524274965,0.8947250424368167
949,1330969,,,
950,1330996,,,
951,1331036,0.9030014882535538,0.8879194854093249,0.8760868056229254
952,1333003,,,
953,908482,0.8723470716222657,0.8696564131832878,0.8715912595976023
954,1240151,0.7222912026042185,0.7200137981227581,0.7338597310784414
955,1331033,0.8944088159343645,0.8915484312822222,0.8884730903112169
956,687980,0.8446740787036945,0.8609780294591587,0.8523772257315643
957,688000,,,
958,753539,0.778256595443702,0.7912695502698881,0.7850974506492138
959,905956,0.8353892085140037,0.8404428946207138,0.842076033183619
960,908477,,,
961,909257,0.905847087392981,0.9213037153672581,0.9213078308243505
962,909729,0.862224961795275,0.8781840502984684,0.877172352476088
963,909746,0.7520886023975673,0.72265855577579,0.7358298470935248
964,909905,0.9077828913266661,0.9186946110160742,0.9178576622383631
965,910941,0.8460356408628555,0.8748142141326394,0.8738821349913736
966,946372,0.8868140480539843,0.8849769262669568,0.8859101339173147
967,946377,0.9104506756896997,0.9136398639707463,0.9130650684084646
968,971774,0.8603471861435434,0.8439829406067806,0.8451165475174246
969,1290801,,,
970,1297438,0.8910380307021848,0.8991471832030475,0.8959144069711599
971,1298534,0.7943279774125632,0.7720273955727589,0.7943049612368982
972,1303911,,,
973,1322213,0.8381251925151223,0.8581702844162731,0.8615113262125973
974,1330977,,,
975,1479987,0.7823316850690262,0.782238626733861,0.7607789418153502
976,1479988,0.9039507920761,0.9188233608983402,0.9271765855281754
977,1479991,0.8751324853868878,0.8676824726984964,0.872530120751364
978,1479992,0.765802725196653,0.7713191697342264,0.7832734167591403
979,1479993,0.8599442672753052,0.8749603250440205,0.8655597275905945
980,1479994,0.9159790053004445,0.9291617347230416,0.9268046260750146
981,1479995,0.8758296088986218,0.8798164336800159,0.8810322976824293
982,1480358,0.8800699474157333,0.8866166135190985,0.8776860952792516
983,1480360,0.8410358806022631,0.8450548024466141,0.8461522416007666
984,1480361,0.8226686670829747,0.843896466650548,0.8515368730501114
985,1480362,0.910494899348613,0.907619118097187,0.9169454586262297
986,1480364,0.7945411709518818,0.8015588753364775,0.7949582328255569
987,1480367,,,
988,1480371,0.7288883499313022,0.7705102651451166,0.7577750506795008
989,1480372,0.8317499033903473,0.828748239164703,0.8174892931416935
990,1480374,0.887292026060817,0.8911177466581354,0.8862871690684834
991,1503361,0.9034270340291628,0.8974475920127168,0.904363012556891
992,1503362,0.8289470395177669,0.8124923863636117,0.8306652772549946
993,1503363,0.6267846021629115,0.6284255755062957,0.6536821948888619
994,1503365,0.9166087764885368,0.9167213108710497,0.9199610026137784
995,1503366,0.7753616703920695,0.7409637750212179,0.7627488686886247
996,1503367,0.819965113801459,0.8151150710328695,0.8307903823909079
997,1503368,0.7491330657733036,0.7251073733433591,0.7354812623794643
998,1503369,0.8766634453183179,0.8617982949303625,0.8635683082399085
999,1503370,0.8961187686251461,0.8969695369306062,0.9027014920856344
1000,1503371,0.8574568243882733,0.866736044614019,0.8523917674021158
1001,1509074,0.8258156665672408,0.8479404437324893,0.8436295368891212
1002,1524414,0.8761376412069308,0.9010020872892427,0.8955582895504328
1003,1524415,0.8877092085955197,0.8999797115081188,0.9101391252511873
1004,1524416,0.8594686658071075,0.865888522023645,0.8673655325976504
1005,1524417,0.829685509909071,0.8400563367400237,0.8187383361943772
1006,1524418,0.7726446673833324,0.787289262199334,0.8061419868542178
1007,1524419,0.8506780775923835,0.8703798451431426,0.8812256096574393
1008,1659817,0.8797543204756169,0.8948415975763148,0.8843469066304724
1009,1659823,0.7677131790345056,0.771285482746011,0.7955463662289108
1010,1659928,0.8585313294516518,0.8580415548566881,0.8637011723984898
1011,1660034,0.8830729975106835,0.8811469600684181,0.8705584619949969
1012,1660035,0.7882061861486319,0.80881899629377,0.8385254546768849
1013,1660036,0.7850865332222641,0.7792017032671917,0.761488626650422
1014,1674021,0.9074791886597471,0.9163038965886302,0.9145525556196972
1015,688029,,,
1016,713869,0.9310353664884483,0.9335794577047976,0.943130958060916
1017,724825,0.8650842228990203,0.8885148491226553,0.8819415224188273
1018,753569,0.8719345585484303,0.8778419973249363,0.8694234714604341
1019,753607,0.924264083164371,0.9399280913976242,0.9340272118344108
1020,753615,0.7951390231547261,0.7761021848113641,0.784635564606216
1021,869795,,,
1022,905949,0.9265143739556015,0.9287649748598502,0.9270499277118533
1023,905951,0.8572416379713902,0.8706675505644756,0.8686919411087182
1024,905968,0.9130840054198284,0.9314367683498164,0.9318198269452939
1025,907070,,,
1026,907276,0.8589495618704226,0.8599129158872172,0.8594196786306184
1027,907798,,,
1028,908124,0.8855893746073388,0.9325019521052645,0.9320878536449196
1029,908132,0.8116302155882249,0.7862976307557537,0.7792099223304473
1030,908147,0.8555254790939972,0.8588368501250969,0.8628717855203183
1031,908442,,,
1032,908461,0.8495715079363083,0.8447151470168993,0.8421648792715114
1033,908468,0.9498381861342984,0.9279843873533701,0.9270596583894101
1034,909727,0.8427201171243396,0.8547049390120989,0.8525229847282144
1035,909907,0.8573442911285847,0.8808414682965596,0.8792802999152297
1036,910209,0.856706006998278,0.8738672028068046,0.8773312956962288
1037,910696,,,
1038,910705,0.9300721721643981,0.9321588572344205,0.9312190525082272
1039,910899,0.9087948152505159,0.9110325396227645,0.9116935044729305
1040,910908,,,
1041,910951,0.9126903234546748,0.9105322677741507,0.9108428366728241
1042,924250,0.8698834515144163,0.8789370334220541,0.8786182453267147
1043,998184,0.8650459688153899,0.8601048163464601,0.8586830395715294
1044,1240124,0.8702150874060043,0.8735118694609836,0.8741728185203153
1045,1240144,0.9233870180468999,0.9172209820174388,0.9204658584779426
1046,1290771,0.8605515877869641,0.8739451053933367,0.8745697417078213
1047,1297440,,,
1048,1298152,,,
1049,1298153,,,
1050,1298154,0.9293574590787382,0.9456473230246939,0.9472986243014072
1051,1298158,,,
1052,1299066,,,
1053,1327765,0.8996181585781869,0.9034724135905959,0.9100182764422492
1054,1327773,0.8988520679220715,0.904338894369714,0.9036460730330741
1055,1330948,0.8732729722106228,0.8878536677243115,0.8853532098372017
1056,1330964,0.9168481722665031,0.9178117667149027,0.8995592173286887
1057,1330993,0.8939608685705722,0.9186045293619303,0.9134742245166972
1058,1330994,0.9091973299476371,0.9388928493689903,0.9286758068863956
1059,1480359,0.8302165996682594,0.8767649514643208,0.8629085655690384
1060,1480366,,,
1061,1503364,0.8878021653339272,0.8796426927462095,0.8877953827299474
1062,1503374,,,
1063,1509073,0.8852110995065668,0.8852924932387065,0.8884397175481057
1064,1659818,0.8607790996983403,0.8764136886760558,0.871182676662951
1065,1659819,0.8888873086757676,0.8749466560199792,0.8908077047048815
1066,1659820,,,
1067,1789883,,,
1068,1330973,0.7712349102959095,0.8063325664761058,0.8093654716952171
1069,687800,0.8936040403302757,0.9363456070013514,0.9229125431904419
1070,1240137,0.873338919485828,0.8636661375996848,0.855039061863395
1071,1298233,,,
1072,1322212,0.8218475073313783,0.8178152492668621,0.8372434017595306
1073,1333019,,,
